,nationality,position,age,games,games_starts,minutes,minutes_90s,goals,assists,goals_pens,pens_made,pens_att,cards_yellow,cards_red,goals_per90,assists_per90,goals_assists_per90,goals_pens_per90,goals_assists_pens_per90,xg,npxg,xg_assist,npxg_xg_assist,xg_per90,xg_assist_per90,xg_xg_assist_per90,npxg_per90,npxg_xg_assist_per90,player
0,fr FRA,GK,30,37,37,"3,330",37.0,0,0,0,0,0,2,0,0.00,0.00,0.00,0.00,0.00,0.0,0.0,0.0,0.0,0.00,0.00,0.00,0.00,0.00,Régis Gurtner
1,cd COD,"MF,FW",26,36,36,"3,083",34.3,6,6,6,0,1,3,0,0.18,0.18,0.35,0.18,0.35,4.2,3.4,6.1,9.5,0.12,0.18,0.30,0.10,0.28,Gaël Kakuta
2,fr FRA,MF,26,34,34,"2,948",32.8,1,3,1,0,0,7,1,0.03,0.09,0.12,0.03,0.12,0.9,0.9,2.3,3.1,0.03,0.07,0.10,0.03,0.10,Thomas Monconduit
3,bj BEN,DF,32,34,32,"2,921",32.5,0,1,0,0,0,9,0,0.00,0.03,0.03,0.00,0.03,0.6,0.6,0.2,0.9,0.02,0.01,0.03,0.02,0.03,Khaled Adénon
4,fr FRA,DF,23,32,32,"2,746",30.5,0,0,0,0,0,4,3,0.00,0.00,0.00,0.00,0.00,0.8,0.8,0.1,1.0,0.03,0.00,0.03,0.03,0.03,Prince-Désir Gouano
5,ml MLI,DF,27,32,31,"2,778",30.9,1,1,1,0,0,4,0,0.03,0.03,0.06,0.03,0.06,1.2,1.2,0.7,1.9,0.04,0.02,0.06,0.04,0.06,Bakaye Dibassy
6,sn SEN,FW,24,33,28,"2,472",27.5,13,1,11,2,2,8,0,0.47,0.04,0.51,0.40,0.44,10.2,8.6,1.5,10.0,0.37,0.05,0.42,0.31,0.37,Moussa Konaté
7,ma MAR,DF,26,26,24,"2,198",24.4,1,1,1,0,0,6,0,0.04,0.04,0.08,0.04,0.08,0.6,0.6,0.6,1.2,0.02,0.03,0.05,0.02,0.05,Oualid El Hajjam
8,za RSA,MF,24,26,24,"2,084",23.2,1,0,1,0,0,5,0,0.04,0.00,0.04,0.04,0.04,0.2,0.2,0.4,0.6,0.01,0.02,0.02,0.01,0.02,Bongani Zungu
9,tg TOG,"FW,MF",30,29,23,"1,825",20.3,3,3,3,0,0,1,0,0.15,0.15,0.30,0.15,0.30,3.7,3.7,1.1,4.9,0.18,0.06,0.24,0.18,0.24,Serge Gakpé
10,br BRA,DF,28,21,20,"1,727",19.2,1,0,1,0,0,2,0,0.05,0.00,0.05,0.05,0.05,0.5,0.5,0.9,1.4,0.03,0.05,0.07,0.03,0.07,Danilo Avelar
11,cd COD,"FW,MF",23,37,18,"1,867",20.7,4,3,3,1,1,3,0,0.19,0.14,0.34,0.14,0.29,2.7,1.9,1.6,3.5,0.13,0.08,0.21,0.09,0.17,Harrison Manzala
12,sn SEN,DF,32,19,18,"1,630",18.1,0,0,0,0,0,3,0,0.00,0.00,0.00,0.00,0.00,0.1,0.1,0.4,0.6,0.01,0.02,0.03,0.01,0.03,Issa Cissokho
13,co COL,"FW,MF",25,13,12,"1,032",11.5,2,0,2,0,0,0,0,0.17,0.00,0.17,0.17,0.17,2.3,2.3,0.7,3.0,0.20,0.06,0.26,0.20,0.26,Stiven Mendoza
14,ci CIV,FW,27,18,8,779,8.7,0,2,0,0,0,1,0,0.00,0.23,0.23,0.00,0.23,1.4,1.4,0.7,2.1,0.16,0.08,0.24,0.16,0.24,Lacina Traoré
15,mr MTN,MF,24,16,7,743,8.3,0,0,0,0,0,3,1,0.00,0.00,0.00,0.00,0.00,0.2,0.2,0.1,0.3,0.02,0.01,0.03,0.02,0.03,Guessouma Fofana
16,fr FRA,"MF,DF",34,11,7,616,6.8,0,0,0,0,0,4,0,0.00,0.00,0.00,0.00,0.00,0.2,0.2,0.5,0.7,0.03,0.07,0.10,0.03,0.10,Julien Ielsch
17,cm CMR,MF,32,12,7,610,6.8,1,0,1,0,0,3,0,0.15,0.00,0.15,0.15,0.15,0.5,0.5,0.2,0.6,0.07,0.02,0.09,0.07,0.09,Guy Ngosso
18,fr FRA,"FW,MF",23,12,6,448,5.0,1,2,1,0,0,1,0,0.20,0.40,0.60,0.20,0.60,0.6,0.6,0.9,1.6,0.13,0.18,0.31,0.13,0.31,Quentin Cornette
19,fr FRA,"FW,MF",29,17,4,542,6.0,0,1,0,0,0,0,0,0.00,0.17,0.17,0.00,0.17,0.6,0.6,1.8,2.4,0.11,0.30,0.41,0.11,0.41,Emmanuel Bourgaud
20,fr FRA,"DF,MF",34,13,3,396,4.4,1,0,1,0,0,2,0,0.23,0.00,0.23,0.23,0.23,0.7,0.7,0.3,1.0,0.16,0.07,0.23,0.16,0.23,Mathieu Bodmer
21,fr FRA,MF,20,3,3,236,2.6,0,0,0,0,0,0,0,0.00,0.00,0.00,0.00,0.00,0.3,0.3,0.1,0.4,0.10,0.06,0.16,0.10,0.16,Tanguy Ndombele
22,ne NIG,FW,23,6,2,212,2.4,0,0,0,0,0,0,0,0.00,0.00,0.00,0.00,0.00,0.3,0.3,0.1,0.3,0.11,0.02,0.13,0.11,0.13,Seybou Koita
23,fr FRA,"MF,FW",31,3,1,105,1.2,0,0,0,0,0,0,0,0.00,0.00,0.00,0.00,0.00,0.4,0.4,0.0,0.5,0.37,0.03,0.40,0.37,0.40,Charly Charrier
24,fr FRA,GK,34,1,1,90,1.0,0,0,0,0,0,0,0,0.00,0.00,0.00,0.00,0.00,0.0,0.0,0.0,0.0,0.00,0.00,0.00,0.00,0.00,Jean-Christophe Bouet
25,nc NCL,FW,28,3,0,47,0.5,0,0,0,0,0,0,0,0.00,0.00,0.00,0.00,0.00,0.0,0.0,0.0,0.0,0.00,0.07,0.07,0.00,0.07,Georges Gope-Fenepej
26,fr FRA,FW,21,1,0,29,0.3,0,0,0,0,0,0,0,0.00,0.00,0.00,0.00,0.00,0.1,0.1,0.1,0.1,0.16,0.27,0.43,0.16,0.43,Jean-Luc Dompé
27,mq MTQ,FW,21,2,0,23,0.3,0,0,0,0,0,1,0,0.00,0.00,0.00,0.00,0.00,0.0,0.0,0.0,0.0,0.00,0.00,0.00,0.00,0.00,Brighton Labeau
28,br BRA,MF,21,1,0,10,0.1,0,0,0,0,0,0,0,0.00,0.00,0.00,0.00,0.00,0.0,0.0,0.0,0.0,0.00,0.00,0.00,0.00,0.00,Nathan
29,fr FRA,MF,33,1,0,7,0.1,0,0,0,0,0,0,0,0.00,0.00,0.00,0.00,0.00,0.0,0.0,0.0,0.0,0.00,0.00,0.00,0.00,0.00,Sekou Baradji
30,fr FRA,GK,27,0,0,,,,,,,,,,,,,,,,,,,,,,,,Raphaël Adiceam
31,fr FRA,GK,20,0,0,,,,,,,,,,,,,,,,,,,,,,,,Gauthier Banaziak
32,fr FRA,DF,22,36,36,"3,240",36.0,1,2,1,0,0,12,0,0.03,0.06,0.08,0.03,0.08,1.4,1.4,1.7,3.1,0.04,0.05,0.09,0.04,0.09,Frederic Guilbert
33,fr FRA,"FW,MF",27,37,36,"3,161",35.1,5,6,5,0,1,1,0,0.14,0.17,0.31,0.14,0.31,8.0,7.3,7.4,14.6,0.23,0.21,0.44,0.21,0.42,Ronny Rodelin
34,fr FRA,MF,35,37,36,"3,060",34.0,0,1,0,0,0,3,0,0.00,0.03,0.03,0.00,0.03,0.9,0.9,4.9,5.7,0.03,0.14,0.17,0.03,0.17,Julien Féret
35,fr FRA,GK,37,35,35,"3,103",34.5,0,0,0,0,0,1,1,0.00,0.00,0.00,0.00,0.00,0.0,0.0,0.0,0.0,0.00,0.00,0.00,0.00,0.00,Rémy Vercoutre
36,fr FRA,DF,29,32,32,"2,836",31.5,4,0,4,0,0,7,0,0.13,0.00,0.13,0.13,0.13,1.7,1.7,0.0,1.7,0.05,0.00,0.05,0.05,0.05,Damien Da Silva
37,hr CRO,FW,28,32,31,"2,777",30.9,11,1,6,5,6,3,0,0.36,0.03,0.39,0.19,0.23,15.0,10.3,1.4,11.7,0.49,0.04,0.53,0.33,0.38,Ivan Santini
38,gh GHA,DF,22,28,28,"2,520",28.0,0,0,0,0,0,10,0,0.00,0.00,0.00,0.00,0.00,1.6,1.6,0.1,1.7,0.06,0.00,0.06,0.06,0.06,Alexander Djiku
39,ma MAR,MF,21,27,25,"2,047",22.7,0,0,0,0,0,4,0,0.00,0.00,0.00,0.00,0.00,0.7,0.7,0.7,1.5,0.03,0.03,0.06,0.03,0.06,Youssef Aït Bennasser
40,ht HAI,DF,29,24,22,"1,808",20.1,0,1,0,0,0,4,1,0.00,0.05,0.05,0.00,0.05,0.5,0.5,0.3,0.8,0.02,0.02,0.04,0.02,0.04,Romain Genevois
41,sn SEN,DF,23,19,18,"1,595",17.7,0,0,0,0,0,2,1,0.00,0.00,0.00,0.00,0.00,0.4,0.4,2.1,2.6,0.02,0.12,0.14,0.02,0.14,Adama Mbengue
42,fr FRA,"DF,MF",31,24,18,"1,570",17.4,0,1,0,0,0,2,0,0.00,0.06,0.06,0.00,0.06,0.6,0.6,1.4,2.0,0.03,0.08,0.11,0.03,0.11,Vincent Bessat
43,gn GUI,"MF,DF",25,26,15,"1,540",17.1,0,0,0,0,0,3,0,0.00,0.00,0.00,0.00,0.00,0.1,0.1,1.2,1.3,0.01,0.07,0.08,0.01,0.08,Baissama Sankoh
44,si SVN,"MF,FW",20,15,12,902,10.0,0,0,0,0,0,1,0,0.00,0.00,0.00,0.00,0.00,0.6,0.6,0.6,1.2,0.06,0.06,0.12,0.06,0.12,Jan Repas
45,be BEL,MF,25,20,11,"1,109",12.3,0,2,0,0,1,4,0,0.00,0.16,0.16,0.00,0.16,2.5,1.7,2.9,4.7,0.21,0.24,0.44,0.14,0.38,Stef Peeters
46,ht HAI,"MF,FW",27,19,10,876,9.7,0,1,0,0,0,1,0,0.00,0.10,0.10,0.00,0.10,1.3,1.3,1.1,2.4,0.14,0.11,0.25,0.14,0.25,Hervé Bazile
47,fr FRA,FW,22,11,9,725,8.1,2,0,2,0,0,2,0,0.25,0.00,0.25,0.25,0.25,1.6,1.6,0.2,1.8,0.20,0.02,0.22,0.20,0.22,Enzo Crivelli
48,ci CIV,"DF,MF",24,11,8,712,7.9,0,1,0,0,0,1,1,0.00,0.13,0.13,0.00,0.13,0.1,0.1,0.5,0.6,0.01,0.06,0.07,0.01,0.07,Ismaël Diomandé
49,cg CGO,"DF,MF",19,9,8,651,7.2,0,0,0,0,0,1,0,0.00,0.00,0.00,0.00,0.00,0.3,0.3,0.2,0.5,0.04,0.02,0.06,0.04,0.06,Durel Avounou
50,ci CIV,"MF,FW",26,19,7,847,9.4,1,1,1,0,0,0,0,0.11,0.11,0.21,0.11,0.21,3.2,3.2,0.4,3.6,0.34,0.05,0.39,0.34,0.39,Christian Kouakou
51,fr FRA,MF,31,12,5,583,6.5,0,1,0,0,0,3,0,0.00,0.15,0.15,0.00,0.15,0.4,0.4,0.6,0.9,0.06,0.09,0.15,0.06,0.15,Jonathan Delaplace
52,fr FRA,"MF,FW",19,12,5,534,5.9,1,1,1,0,0,2,0,0.17,0.17,0.34,0.17,0.34,0.3,0.3,0.9,1.2,0.06,0.15,0.20,0.06,0.20,Jessy Deminguet
53,cd COD,"MF,FW",24,10,4,424,4.7,0,0,0,0,0,0,0,0.00,0.00,0.00,0.00,0.00,1.8,1.8,0.9,2.6,0.37,0.19,0.56,0.37,0.56,Jordan Nkololo
54,fi FIN,"MF,FW",18,9,3,401,4.5,0,0,0,0,0,1,0,0.00,0.00,0.00,0.00,0.00,0.0,0.0,0.3,0.4,0.01,0.07,0.08,0.01,0.08,Timo Stavitski
55,cg CGO,GK,23,4,3,316,3.5,0,0,0,0,0,0,0,0.00,0.00,0.00,0.00,0.00,0.0,0.0,0.0,0.0,0.00,0.00,0.00,0.00,0.00,Brice Samba
56,fr FRA,"DF,MF",19,4,1,139,1.5,0,0,0,0,0,0,0,0.00,0.00,0.00,0.00,0.00,0.0,0.0,0.1,0.1,0.00,0.04,0.04,0.00,0.04,Yoël Armougom
57,bj BEN,DF,28,1,0,34,0.4,0,0,0,0,0,0,0,0.00,0.00,0.00,0.00,0.00,0.0,0.0,0.0,0.0,0.00,0.00,0.00,0.00,0.00,Emmanuel Imorou
58,fr FRA,GK,28,0,0,,,,,,,,,,,,,,,,,,,,,,,,Matthieu Dreyer
59,fr FRA,DF,22,0,0,,,,,,,,,,,,,,,,,,,,,,,,Florian Le Joncour
60,gp GLP,MF,21,0,0,,,,,,,,,,,,,,,,,,,,,,,,Jordan Leborgne
61,ml MLI,FW,21,0,0,,,,,,,,,,,,,,,,,,,,,,,,Makan Macalou
62,pl POL,DF,29,36,36,"3,240",36.0,3,3,3,0,0,8,0,0.08,0.08,0.17,0.08,0.17,2.9,2.9,1.5,4.4,0.08,0.04,0.12,0.08,0.12,Kamil Glik
63,br BRA,MF,23,34,34,"3,060",34.0,7,3,3,4,4,8,0,0.21,0.09,0.29,0.09,0.18,5.8,2.6,4.2,6.8,0.17,0.12,0.29,0.08,0.20,Fabinho
64,hr CRO,GK,32,34,34,"2,939",32.7,0,0,0,0,0,3,0,0.00,0.00,0.00,0.00,0.00,0.0,0.0,0.0,0.0,0.00,0.00,0.00,0.00,0.00,Danijel Subašić
65,br BRA,DF,24,33,33,"2,855",31.7,2,0,2,0,0,7,1,0.06,0.00,0.06,0.06,0.06,1.9,1.9,0.2,2.1,0.06,0.01,0.07,0.06,0.07,Jemerson
66,pt POR,"FW,MF",21,38,32,"2,531",28.1,15,5,15,0,0,2,0,0.53,0.18,0.71,0.53,0.71,10.1,10.1,5.3,15.5,0.36,0.19,0.55,0.36,0.55,Rony Lopes
67,pt POR,MF,30,33,31,"2,803",31.1,1,6,1,0,0,6,0,0.03,0.19,0.22,0.03,0.22,1.1,1.1,5.8,6.8,0.03,0.18,0.22,0.03,0.22,João Moutinho
68,fr FRA,"MF,FW",21,30,27,"2,378",26.4,2,8,2,0,0,1,0,0.08,0.30,0.38,0.08,0.38,3.7,3.7,6.9,10.5,0.14,0.26,0.40,0.14,0.40,Thomas Lemar
69,fr FRA,DF,25,27,25,"2,153",23.9,2,7,2,0,0,4,0,0.08,0.29,0.38,0.08,0.38,0.9,0.9,4.3,5.2,0.04,0.18,0.22,0.04,0.22,Djibril Sidibé
70,co COL,FW,31,26,25,"2,129",23.7,18,4,15,3,4,1,0,0.76,0.17,0.93,0.63,0.80,13.9,10.7,1.9,12.6,0.59,0.08,0.67,0.45,0.53,Radamel Falcao
71,br BRA,DF,21,22,22,"1,920",21.3,1,2,1,0,0,8,0,0.05,0.09,0.14,0.05,0.14,0.2,0.2,1.9,2.1,0.01,0.09,0.10,0.01,0.10,Jorge
72,sn SEN,"FW,MF",22,23,19,"1,473",16.4,8,5,8,0,0,3,1,0.49,0.31,0.79,0.49,0.79,5.4,5.4,2.3,7.8,0.33,0.14,0.47,0.33,0.47,Keita Baldé
73,it ITA,DF,33,20,18,"1,607",17.9,1,0,1,0,0,3,0,0.06,0.00,0.06,0.06,0.06,0.7,0.7,0.2,0.9,0.04,0.01,0.05,0.04,0.05,Andrea Raggi
74,be BEL,MF,20,27,18,"1,569",17.4,0,1,0,0,0,1,0,0.00,0.06,0.06,0.00,0.06,1.3,1.3,1.1,2.4,0.07,0.06,0.14,0.07,0.14,Youri Tielemans
75,ml MLI,DF,21,20,13,"1,248",13.9,1,5,1,0,0,3,0,0.07,0.36,0.43,0.07,0.43,0.4,0.4,2.6,3.0,0.03,0.19,0.22,0.03,0.22,Almamy Touré
76,fr FRA,FW,21,22,10,850,9.4,2,3,2,0,0,2,1,0.21,0.32,0.53,0.21,0.53,2.2,2.2,0.6,2.9,0.24,0.07,0.30,0.24,0.30,Adama Diakhaby
77,dz ALG,"FW,MF",25,26,7,"1,006",11.2,2,3,2,0,0,2,1,0.18,0.27,0.45,0.18,0.45,2.6,2.6,2.7,5.3,0.24,0.24,0.48,0.24,0.48,Rachid Ghezzal
78,me MNE,FW,27,15,7,753,8.4,8,1,8,0,0,1,0,0.96,0.12,1.08,0.96,1.08,5.4,5.4,0.4,5.8,0.65,0.05,0.70,0.65,0.70,Stevan Jovetić
79,fr FRA,"MF,DF",21,11,7,721,8.0,0,0,0,0,0,3,0,0.00,0.00,0.00,0.00,0.00,0.2,0.2,0.1,0.3,0.03,0.01,0.04,0.03,0.04,Kévin N'Doram
80,fr FRA,FW,17,5,3,304,3.4,2,0,2,0,0,1,0,0.59,0.00,0.59,0.59,0.59,1.5,1.5,0.1,1.6,0.44,0.04,0.48,0.44,0.48,Moussa Sylla
81,fr FRA,DF,19,4,3,280,3.1,0,0,0,0,0,1,0,0.00,0.00,0.00,0.00,0.00,0.0,0.0,0.2,0.3,0.01,0.08,0.08,0.01,0.08,Julien Serrano
82,nl NED,DF,23,3,3,257,2.9,0,0,0,0,0,0,0,0.00,0.00,0.00,0.00,0.00,0.2,0.2,0.3,0.4,0.06,0.10,0.16,0.06,0.16,Terence Kongolo
83,ar ARG,FW,26,15,2,424,4.7,4,0,4,0,0,0,0,0.85,0.00,0.85,0.85,0.85,2.1,2.1,0.1,2.2,0.44,0.03,0.46,0.44,0.46,Guido Carrillo
84,sn SEN,GK,21,3,2,256,2.8,0,0,0,0,0,1,0,0.00,0.00,0.00,0.00,0.00,0.0,0.0,0.0,0.0,0.00,0.00,0.00,0.00,0.00,Seydou Sy
85,ch SUI,GK,33,3,2,225,2.5,0,0,0,0,0,0,0,0.00,0.00,0.00,0.00,0.00,0.0,0.0,0.0,0.0,0.00,0.00,0.00,0.00,0.00,Diego Benaglio
86,ml MLI,"MF,FW",22,3,2,189,2.1,3,0,3,0,0,1,0,1.43,0.00,1.43,1.43,1.43,0.9,0.9,0.0,0.9,0.41,0.01,0.42,0.41,0.42,Adama Traoré
87,fr FRA,MF,23,2,1,96,1.1,0,0,0,0,0,0,0,0.00,0.00,0.00,0.00,0.00,0.0,0.0,0.0,0.0,0.00,0.03,0.03,0.00,0.03,Soualiho Meïté
88,br BRA,"FW,MF",21,5,1,82,0.9,0,0,0,0,0,0,0,0.00,0.00,0.00,0.00,0.00,0.2,0.2,0.1,0.3,0.24,0.06,0.30,0.24,0.30,Gabriel Boschilia
89,fr FRA,"FW,MF",18,1,1,74,0.8,0,0,0,0,0,0,0,0.00,0.00,0.00,0.00,0.00,0.2,0.2,0.0,0.2,0.19,0.00,0.19,0.19,0.19,Kylian Mbappé
90,es ESP,MF,18,3,0,31,0.3,1,0,1,0,0,0,0,2.90,0.00,2.90,2.90,2.90,0.2,0.2,0.0,0.2,0.56,0.00,0.56,0.56,0.56,Jordi Mboula
91,it ITA,FW,16,3,0,24,0.3,0,0,0,0,0,0,0,0.00,0.00,0.00,0.00,0.00,0.0,0.0,0.0,0.0,0.00,0.00,0.00,0.00,0.00,Pietro Pellegri
92,fr FRA,MF,20,1,0,16,0.2,0,0,0,0,0,0,0,0.00,0.00,0.00,0.00,0.00,0.0,0.0,0.3,0.3,0.00,1.67,1.67,0.00,1.67,Allan Saint-Maximin
93,pt POR,MF,20,1,0,8,0.1,0,0,0,0,0,0,0,0.00,0.00,0.00,0.00,0.00,0.0,0.0,0.0,0.0,0.35,0.00,0.35,0.35,0.35,Gil Bastião Dias
94,fr FRA,GK,19,0,0,,,,,,,,,,,,,,,,,,,,,,,,Loic Badiashile
95,be BEL,DF,17,0,0,,,,,,,,,,,,,,,,,,,,,,,,Adrien Bongiovanni
96,fr FRA,MF,18,0,0,,,,,,,,,,,,,,,,,,,,,,,,Ibrahima Diallo
97,fr FRA,"FW,MF",19,0,0,,,,,,,,,,,,,,,,,,,,,,,,Romain Faivre
98,km COM,DF,20,0,0,,,,,,,,,,,,,,,,,,,,,,,,Safwan Mbaé
99,fr FRA,DF,21,0,0,,,,,,,,,,,,,,,,,,,,,,,,Pierre-Daniel N'Guinda
100,fr FRA,MF,27,36,36,"3,025",33.6,4,2,1,3,3,6,0,0.12,0.06,0.18,0.03,0.09,3.8,1.4,2.9,4.3,0.11,0.09,0.20,0.04,0.13,Jonas Martin
101,ci CIV,MF,23,35,35,"3,006",33.4,5,0,5,0,0,4,0,0.15,0.00,0.15,0.15,0.15,2.2,2.2,1.0,3.3,0.07,0.03,0.10,0.07,0.10,Jean-Eudes Aholou
102,fr FRA,DF,25,31,30,"2,723",30.3,3,4,0,3,3,5,1,0.10,0.13,0.23,0.00,0.13,2.8,0.5,2.0,2.5,0.09,0.07,0.16,0.02,0.08,Kenny Lala
103,fr FRA,"MF,FW",29,33,29,"2,602",28.9,5,5,4,1,1,6,0,0.17,0.17,0.35,0.14,0.31,3.4,2.6,7.2,9.9,0.12,0.25,0.37,0.09,0.34,Dimitri Liénard
104,bf BFA,DF,29,28,27,"2,462",27.4,1,0,1,0,0,3,0,0.04,0.00,0.04,0.04,0.04,1.1,1.1,0.0,1.1,0.04,0.00,0.04,0.04,0.04,Bakary Koné
105,gn GUI,DF,30,27,25,"2,178",24.2,1,0,1,0,0,4,1,0.04,0.00,0.04,0.04,0.04,0.8,0.8,1.0,1.8,0.03,0.04,0.07,0.03,0.07,Ernest Seka
106,fr FRA,DF,28,24,24,"2,115",23.5,0,1,0,0,0,4,0,0.00,0.04,0.04,0.00,0.04,1.0,1.0,0.5,1.5,0.04,0.02,0.06,0.04,0.06,Pablo Martinez
107,cv CPV,"FW,MF",26,26,22,"1,727",19.2,5,2,5,0,0,4,1,0.26,0.10,0.36,0.26,0.36,4.2,4.2,0.6,4.8,0.22,0.03,0.25,0.22,0.25,Nuno da Costa
108,sn SEN,DF,34,20,20,"1,718",19.1,1,1,1,0,0,4,0,0.05,0.05,0.10,0.05,0.10,1.9,1.9,0.6,2.6,0.10,0.03,0.13,0.10,0.13,Kader Mangane
109,sn SEN,GK,20,19,19,"1,691",18.8,0,0,0,0,0,2,0,0.00,0.00,0.00,0.00,0.00,0.0,0.0,0.0,0.0,0.00,0.00,0.00,0.00,0.00,Bingourou Kamara
110,fr FRA,"FW,MF",20,25,19,"1,672",18.6,3,3,3,0,0,3,0,0.16,0.16,0.32,0.16,0.32,4.9,4.9,3.4,8.3,0.26,0.18,0.45,0.26,0.45,Martin Terrier
111,cm CMR,FW,25,26,19,"1,662",18.5,7,1,7,0,0,5,0,0.38,0.05,0.43,0.38,0.43,6.7,6.7,1.7,8.4,0.36,0.09,0.45,0.36,0.45,Stéphane Bahoken
112,fr FRA,"MF,FW",31,29,18,"1,757",19.5,0,1,0,0,0,5,0,0.00,0.05,0.05,0.00,0.05,1.4,1.4,2.1,3.4,0.07,0.11,0.18,0.07,0.18,Anthony Gonçalves
113,dz ALG,GK,29,17,16,"1,457",16.2,0,0,0,0,0,1,0,0.00,0.00,0.00,0.00,0.00,0.0,0.0,0.0,0.0,0.00,0.00,0.00,0.00,0.00,Alexandre Oukidja
114,fr FRA,"MF,FW",30,18,15,"1,376",15.3,0,2,0,0,0,2,0,0.00,0.13,0.13,0.00,0.13,1.8,1.8,1.8,3.6,0.12,0.12,0.23,0.12,0.23,Benjamin Corgnet
115,fr FRA,DF,24,16,13,"1,239",13.8,0,2,0,0,0,2,0,0.00,0.15,0.15,0.00,0.15,0.1,0.1,1.6,1.7,0.01,0.12,0.12,0.01,0.12,Dimitri Foulquier
116,gf GUF,DF,24,14,12,"1,107",12.3,0,1,0,0,0,2,0,0.00,0.08,0.08,0.00,0.08,0.4,0.4,0.1,0.6,0.03,0.01,0.05,0.03,0.05,Yoann Salmier
117,dz ALG,FW,25,26,10,941,10.5,4,0,4,0,0,1,0,0.38,0.00,0.38,0.38,0.38,3.7,3.7,0.5,4.2,0.35,0.05,0.40,0.35,0.40,Idriss Saadi
118,fr FRA,"FW,MF",20,17,8,709,7.9,0,0,0,0,0,1,0,0.00,0.00,0.00,0.00,0.00,0.6,0.6,0.7,1.3,0.08,0.09,0.17,0.08,0.17,Ihsan Sacko
119,fr FRA,FW,34,25,7,917,10.2,3,1,3,0,0,2,0,0.29,0.10,0.39,0.29,0.39,4.7,4.7,1.7,6.5,0.46,0.17,0.64,0.46,0.64,Jérémy Blayac
120,fr FRA,MF,30,23,7,808,9.0,1,0,1,0,0,3,0,0.11,0.00,0.11,0.11,0.11,0.6,0.6,0.2,0.8,0.06,0.03,0.09,0.06,0.09,Jérémy Grimm
121,fr FRA,GK,33,4,3,272,3.0,0,0,0,0,0,0,0,0.00,0.00,0.00,0.00,0.00,0.0,0.0,0.0,0.0,0.00,0.00,0.00,0.00,0.00,Landry Bonnefoi
122,sn SEN,DF,23,5,3,253,2.8,0,0,0,0,0,2,1,0.00,0.00,0.00,0.00,0.00,0.0,0.0,0.2,0.2,0.00,0.06,0.06,0.00,0.06,Abdallah N'dour
123,fr FRA,MF,29,3,1,64,0.7,0,0,0,0,0,0,0,0.00,0.00,0.00,0.00,0.00,0.0,0.0,0.0,0.0,0.00,0.00,0.00,0.00,0.00,Vincent Nogueira
124,ml MLI,MF,20,1,0,1,0.0,0,0,0,0,0,0,0,0.00,0.00,0.00,0.00,0.00,0.0,0.0,0.0,0.0,0.00,0.00,0.00,0.00,0.00,Kévin Zohi
125,fr FRA,DF,18,0,0,,,,,,,,,,,,,,,,,,,,,,,,Ismael Aaneba
126,fr FRA,"DF,MF",20,0,0,,,,,,,,,,,,,,,,,,,,,,,,Anthony Caci
127,fr FRA,MF,29,0,0,,,,,,,,,,,,,,,,,,,,,,,,Quentin Othon
128,fr FRA,GK,18,0,0,,,,,,,,,,,,,,,,,,,,,,,,Bastien Rempp
129,cm CMR,DF,19,0,0,,,,,,,,,,,,,,,,,,,,,,,,Duplexe Tchamba
130,dk DEN,MF,24,37,37,"3,283",36.5,3,1,3,0,0,8,0,0.08,0.03,0.11,0.08,0.11,4.4,4.4,2.5,7.0,0.12,0.07,0.19,0.12,0.19,Lukas Lerager
131,fr FRA,GK,30,36,36,"3,240",36.0,0,0,0,0,0,1,0,0.00,0.00,0.00,0.00,0.00,0.0,0.0,0.1,0.1,0.00,0.00,0.00,0.00,0.00,Benoît Costil
132,sn SEN,DF,24,35,35,"3,093",34.4,0,5,0,0,0,3,0,0.00,0.15,0.15,0.00,0.15,0.6,0.6,3.7,4.3,0.02,0.11,0.12,0.02,0.12,Youssouf Sabaly
133,br BRA,FW,20,35,32,"2,856",31.7,12,7,10,2,3,2,0,0.38,0.22,0.60,0.32,0.54,8.4,5.9,8.7,14.6,0.27,0.27,0.54,0.19,0.46,Malcom
134,gn GUI,FW,21,35,23,"2,014",22.4,8,4,7,1,1,4,0,0.36,0.18,0.54,0.31,0.49,8.2,7.3,2.6,9.9,0.37,0.12,0.48,0.33,0.44,François Kamano
135,fr FRA,FW,26,29,22,"1,935",21.5,4,4,4,0,1,6,0,0.19,0.19,0.37,0.19,0.37,4.4,3.6,3.4,7.0,0.20,0.16,0.36,0.17,0.33,Nicolas de Préville
136,fr FRA,DF,33,21,21,"1,890",21.0,0,0,0,0,0,4,0,0.00,0.00,0.00,0.00,0.00,0.1,0.1,0.1,0.2,0.01,0.00,0.01,0.01,0.01,Jérémy Toulalan
137,sn SEN,MF,27,29,20,"1,881",20.9,7,1,7,0,0,5,0,0.33,0.05,0.38,0.33,0.38,5.5,5.5,1.6,7.1,0.26,0.08,0.34,0.26,0.34,Younousse Sankharé
138,fr FRA,DF,24,19,19,"1,703",18.9,0,1,0,0,0,5,0,0.00,0.05,0.05,0.00,0.05,0.5,0.5,1.0,1.5,0.03,0.05,0.08,0.03,0.08,Maxime Poundjé
139,br BRA,MF,23,21,19,"1,484",16.5,0,0,0,0,0,5,1,0.00,0.00,0.00,0.00,0.00,0.3,0.3,0.5,0.9,0.02,0.03,0.05,0.02,0.05,Otávio
140,fr FRA,DF,18,18,17,"1,589",17.7,2,0,2,0,0,1,0,0.11,0.00,0.11,0.11,0.11,1.3,1.3,0.1,1.4,0.07,0.00,0.08,0.07,0.08,Jules Koundé
141,rs SRB,DF,21,16,16,"1,440",16.0,0,0,0,0,0,4,0,0.00,0.00,0.00,0.00,0.00,0.3,0.3,0.1,0.4,0.02,0.01,0.03,0.02,0.03,Vukašin Jovanović
142,fr FRA,DF,23,19,16,"1,428",15.9,0,0,0,0,0,4,0,0.00,0.00,0.00,0.00,0.00,0.0,0.0,0.9,0.9,0.00,0.05,0.06,0.00,0.06,Théo Pellenard
143,fr FRA,MF,23,18,15,"1,335",14.8,1,2,1,0,0,0,0,0.07,0.13,0.20,0.07,0.20,1.4,1.4,1.2,2.7,0.10,0.08,0.18,0.10,0.18,Soualiho Meïté
144,br BRA,DF,26,15,15,"1,291",14.3,0,3,0,0,0,3,0,0.00,0.21,0.21,0.00,0.21,0.6,0.6,2.3,2.9,0.04,0.16,0.20,0.04,0.20,Pablo
145,cz CZE,MF,35,22,11,"1,044",11.6,0,1,0,0,0,2,0,0.00,0.09,0.09,0.00,0.09,0.2,0.2,1.5,1.7,0.02,0.13,0.14,0.02,0.14,Jaroslav Plašil
146,dk DEN,FW,26,14,11,914,10.2,4,3,4,0,0,3,0,0.39,0.30,0.69,0.39,0.69,4.0,4.0,2.3,6.3,0.39,0.23,0.62,0.39,0.62,Martin Braithwaite
147,ar ARG,MF,21,21,11,860,9.6,2,1,2,0,0,4,0,0.21,0.10,0.31,0.21,0.31,0.8,0.8,0.4,1.3,0.09,0.05,0.13,0.09,0.13,Valentín Vada
148,fr FRA,FW,23,20,10,957,10.6,3,0,2,1,1,1,0,0.28,0.00,0.28,0.19,0.19,4.2,3.4,0.4,3.8,0.40,0.03,0.43,0.32,0.36,Gaëtan Laborde
149,gw GNB,FW,23,16,8,795,8.8,4,0,4,0,0,2,0,0.45,0.00,0.45,0.45,0.45,4.0,4.0,0.7,4.7,0.45,0.08,0.54,0.45,0.54,Alexandre Mendy
150,fr FRA,DF,29,8,6,566,6.3,0,0,0,0,0,0,1,0.00,0.00,0.00,0.00,0.00,0.6,0.6,0.0,0.6,0.09,0.00,0.09,0.09,0.09,Paul Baysse
151,br BRA,"FW,MF",26,19,5,633,7.0,2,1,2,0,0,1,0,0.28,0.14,0.43,0.28,0.43,2.0,2.0,0.9,2.9,0.29,0.12,0.41,0.29,0.41,Jonathan Cafu
152,pl POL,DF,32,7,4,437,4.9,0,0,0,0,0,3,0,0.00,0.00,0.00,0.00,0.00,0.0,0.0,0.7,0.7,0.00,0.14,0.14,0.00,0.14,Igor Lewczuk
153,rs SRB,DF,21,4,4,360,4.0,0,1,0,0,0,0,0,0.00,0.25,0.25,0.00,0.25,0.0,0.0,0.0,0.0,0.01,0.01,0.01,0.01,0.01,Milan Gajić
154,fr FRA,GK,21,2,2,180,2.0,0,0,0,0,0,0,0,0.00,0.00,0.00,0.00,0.00,0.0,0.0,0.0,0.0,0.00,0.00,0.00,0.00,0.00,Jérôme Prior
155,fr FRA,FW,18,6,1,131,1.5,0,0,0,0,0,2,0,0.00,0.00,0.00,0.00,0.00,0.1,0.1,0.0,0.2,0.08,0.03,0.11,0.08,0.11,Zaydou Youssouf
156,de GER,"DF,MF",27,3,1,108,1.2,0,1,0,0,0,0,0,0.00,0.83,0.83,0.00,0.83,0.0,0.0,0.4,0.4,0.00,0.34,0.34,0.00,0.34,Diego Contento
157,fr FRA,DF,18,1,1,90,1.0,0,0,0,0,0,0,0,0.00,0.00,0.00,0.00,0.00,0.0,0.0,0.0,0.0,0.00,0.03,0.03,0.00,0.03,Thomas Carrique
158,fr FRA,FW,18,2,0,39,0.4,0,0,0,0,0,0,0,0.00,0.00,0.00,0.00,0.00,0.0,0.0,0.0,0.0,0.09,0.00,0.09,0.09,0.09,Ervin Taha
159,bj BEN,DF,21,1,0,11,0.1,0,0,0,0,0,0,0,0.00,0.00,0.00,0.00,0.00,0.0,0.0,0.0,0.0,0.00,0.00,0.00,0.00,0.00,Olivier Verdon
160,ci CIV,FW,23,1,0,8,0.1,0,0,0,0,0,0,0,0.00,0.00,0.00,0.00,0.00,0.0,0.0,0.0,0.0,0.00,0.00,0.00,0.00,0.00,Thomas Touré
161,fr FRA,GK,18,0,0,,,,,,,,,,,,,,,,,,,,,,,,Over Mandanda
162,fr FRA,GK,18,0,0,,,,,,,,,,,,,,,,,,,,,,,,Gaëtan Poussin
163,br BRA,MF,19,0,0,,,,,,,,,,,,,,,,,,,,,,,,Matheus Pereira da Silva
164,fr FRA,MF,17,0,0,,,,,,,,,,,,,,,,,,,,,,,,Aurélien Tchouaméni
165,fr FRA,GK,18,38,38,"3,420",38.0,0,0,0,0,0,3,0,0.00,0.00,0.00,0.00,0.00,0.1,0.1,0.0,0.1,0.00,0.00,0.00,0.00,0.00,Alban Lafont
166,fr FRA,DF,19,36,35,"3,154",35.0,1,1,1,0,0,3,1,0.03,0.03,0.06,0.03,0.06,1.4,1.4,1.1,2.4,0.04,0.03,0.07,0.04,0.07,Kelvin Amian
167,fr FRA,DF,20,34,34,"3,060",34.0,3,0,3,0,0,8,0,0.09,0.00,0.09,0.09,0.09,2.0,2.0,0.6,2.7,0.06,0.02,0.08,0.06,0.08,Issa Diop
168,fr FRA,DF,24,30,30,"2,605",28.9,1,2,1,0,0,7,0,0.03,0.07,0.10,0.03,0.10,3.0,3.0,0.7,3.7,0.10,0.02,0.13,0.10,0.13,Christopher Jullien
169,cd COD,MF,24,28,28,"2,243",24.9,1,1,1,0,0,4,0,0.04,0.04,0.08,0.04,0.08,1.6,1.6,2.1,3.7,0.06,0.08,0.15,0.06,0.15,Giannelli Imbula
170,ci CIV,"FW,MF",29,29,27,"2,415",26.8,8,1,4,4,5,5,1,0.30,0.04,0.34,0.15,0.19,8.1,4.1,4.5,8.6,0.30,0.17,0.47,0.15,0.32,Max Gradel
171,dz ALG,FW,25,32,25,"2,333",25.9,5,5,4,1,2,5,0,0.19,0.19,0.39,0.15,0.35,9.0,7.4,5.1,12.5,0.35,0.20,0.54,0.29,0.48,Andy Delort
172,br BRA,"MF,FW",28,27,23,"2,002",22.2,1,0,1,0,0,2,0,0.04,0.00,0.04,0.04,0.04,1.6,1.6,1.8,3.4,0.07,0.08,0.15,0.07,0.15,Somália
173,fr FRA,MF,20,26,20,"1,886",21.0,1,3,1,0,0,5,0,0.05,0.14,0.19,0.05,0.19,0.8,0.8,1.4,2.1,0.04,0.07,0.10,0.04,0.10,Alexis Blin
174,ch SUI,DF,27,21,20,"1,699",18.9,0,0,0,0,0,6,1,0.00,0.00,0.00,0.00,0.00,0.1,0.1,0.5,0.5,0.00,0.02,0.03,0.00,0.03,François Moubandje
175,fr FRA,"FW,MF",22,33,18,"1,688",18.8,1,2,1,0,0,3,0,0.05,0.11,0.16,0.05,0.16,2.0,2.0,2.8,4.7,0.11,0.15,0.25,0.11,0.25,Corentin Jean
176,ci CIV,MF,19,20,18,"1,588",17.6,1,2,1,0,0,5,0,0.06,0.11,0.17,0.06,0.17,1.0,1.0,1.4,2.4,0.05,0.08,0.13,0.05,0.13,Ibrahim Sangaré
177,fr FRA,MF,32,20,18,"1,518",16.9,0,0,0,0,0,5,0,0.00,0.00,0.00,0.00,0.00,0.3,0.3,0.4,0.8,0.02,0.03,0.05,0.02,0.05,Yannick Cahuzac
178,gn GUI,"DF,FW",23,25,17,"1,602",17.8,1,3,1,0,0,5,0,0.06,0.17,0.22,0.06,0.22,0.4,0.4,2.0,2.4,0.02,0.11,0.14,0.02,0.14,Issiaga Sylla
179,fr FRA,FW,24,27,17,"1,513",16.8,6,0,6,0,0,6,0,0.36,0.00,0.36,0.36,0.36,7.7,7.7,0.4,8.2,0.46,0.03,0.48,0.46,0.48,Yaya Sanogo
180,bf BFA,DF,24,21,16,"1,577",17.5,0,0,0,0,0,7,0,0.00,0.00,0.00,0.00,0.00,0.0,0.0,0.6,0.6,0.00,0.03,0.03,0.00,0.03,Steeve Yago
181,se SWE,"MF,FW",28,20,12,"1,028",11.4,3,3,0,3,4,5,0,0.26,0.26,0.53,0.00,0.26,3.6,0.5,2.2,2.7,0.32,0.20,0.51,0.04,0.24,Jimmy Durmaz
182,se SWE,"FW,MF",31,23,8,800,8.9,0,0,0,0,0,2,0,0.00,0.00,0.00,0.00,0.00,2.1,2.1,0.4,2.6,0.24,0.05,0.29,0.24,0.29,Ola Toivonen
183,cd COD,"FW,MF",23,11,4,368,4.1,1,1,1,0,0,0,0,0.24,0.24,0.49,0.24,0.49,1.1,1.1,0.4,1.5,0.27,0.11,0.38,0.27,0.38,Ndombe Mubele
184,fr FRA,DF,20,7,4,275,3.1,0,0,0,0,0,2,0,0.00,0.00,0.00,0.00,0.00,0.0,0.0,0.3,0.3,0.00,0.08,0.09,0.00,0.09,Clément Michelin
185,fr FRA,MF,22,7,2,227,2.5,0,0,0,0,0,0,0,0.00,0.00,0.00,0.00,0.00,0.0,0.0,0.1,0.1,0.00,0.03,0.03,0.00,0.03,Yann Bodiger
186,fr FRA,"FW,MF",21,4,2,193,2.1,1,0,1,0,0,2,0,0.47,0.00,0.47,0.47,0.47,0.2,0.2,0.3,0.5,0.09,0.16,0.25,0.09,0.25,Zinédine Machach
187,fr FRA,MF,20,6,1,179,2.0,0,0,0,0,0,1,0,0.00,0.00,0.00,0.00,0.00,0.1,0.1,0.1,0.2,0.05,0.04,0.09,0.05,0.09,Quentin Boisgard
188,cv CPV,DF,25,2,1,155,1.7,0,0,0,0,0,1,0,0.00,0.00,0.00,0.00,0.00,0.0,0.0,0.0,0.0,0.00,0.00,0.00,0.00,0.00,Steven Fortes
189,ma MAR,FW,18,1,0,29,0.3,0,0,0,0,0,0,0,0.00,0.00,0.00,0.00,0.00,0.1,0.1,0.0,0.1,0.23,0.00,0.23,0.23,0.23,Driss Khalid
190,uy URU,GK,29,0,0,,,,,,,,,,,,,,,,,,,,,,,,Mauro Goicoechea
191,fr FRA,GK,24,34,34,"3,060",34.0,0,0,0,0,0,0,0,0.00,0.00,0.00,0.00,0.00,0.0,0.0,0.0,0.0,0.00,0.00,0.00,0.00,0.00,Alphonse Areola
192,uy URU,FW,30,32,30,"2,581",28.7,28,6,25,3,5,3,0,0.98,0.21,1.19,0.87,1.08,23.4,19.8,6.0,25.8,0.82,0.21,1.03,0.69,0.90,Edinson Cavani
193,fr FRA,DF,21,28,27,"2,423",26.9,0,0,0,0,0,8,2,0.00,0.00,0.00,0.00,0.00,1.4,1.4,0.2,1.7,0.05,0.01,0.06,0.05,0.06,Presnel Kimpembe
194,fr FRA,MF,22,33,27,"2,362",26.2,1,5,1,0,0,2,0,0.04,0.19,0.23,0.04,0.23,1.4,1.4,3.7,5.1,0.05,0.14,0.19,0.05,0.19,Adrien Rabiot
195,ar ARG,FW,29,30,26,"2,111",23.5,11,6,11,0,0,1,0,0.47,0.26,0.72,0.47,0.72,12.1,12.1,7.8,19.9,0.51,0.33,0.85,0.51,0.85,Ángel Di María
196,br BRA,DF,23,26,25,"2,262",25.1,0,2,0,0,0,1,0,0.00,0.08,0.08,0.00,0.08,1.3,1.3,0.7,2.0,0.05,0.03,0.08,0.05,0.08,Marquinhos
197,br BRA,DF,32,25,24,"2,115",23.5,1,0,1,0,0,5,0,0.04,0.00,0.04,0.04,0.04,0.9,0.9,0.2,1.1,0.04,0.01,0.05,0.04,0.05,Thiago Silva
198,fr FRA,FW,18,27,24,"2,094",23.3,13,8,13,0,0,2,0,0.56,0.34,0.90,0.56,0.90,14.0,14.0,8.1,22.1,0.60,0.35,0.95,0.60,0.95,Kylian Mbappé
199,br BRA,DF,34,25,23,"2,063",22.9,1,7,1,0,0,7,1,0.04,0.31,0.35,0.04,0.35,1.4,1.4,5.0,6.3,0.06,0.22,0.28,0.06,0.28,Dani Alves
200,br BRA,FW,25,20,20,"1,786",19.8,19,13,15,4,4,5,1,0.96,0.66,1.61,0.76,1.41,14.9,11.7,11.3,23.0,0.75,0.57,1.32,0.59,1.16,Neymar
201,it ITA,MF,24,22,20,"1,718",19.1,0,3,0,0,0,9,1,0.00,0.16,0.16,0.00,0.16,0.3,0.3,2.2,2.5,0.02,0.12,0.13,0.02,0.13,Marco Verratti
202,es ESP,DF,27,22,19,"1,716",19.1,2,4,2,0,0,4,0,0.10,0.21,0.31,0.10,0.31,0.4,0.4,2.1,2.5,0.02,0.11,0.13,0.02,0.13,Yuri Berchiche
203,de GER,"MF,FW",23,30,19,"1,704",18.9,4,5,4,0,0,1,0,0.21,0.26,0.48,0.21,0.48,3.7,3.7,4.5,8.2,0.20,0.24,0.44,0.20,0.44,Julian Draxler
204,fr FRA,DF,24,20,19,"1,704",18.9,2,1,2,0,0,1,0,0.11,0.05,0.16,0.11,0.16,1.3,1.3,1.6,2.9,0.07,0.08,0.15,0.07,0.15,Layvin Kurzawa
205,ar ARG,MF,21,33,18,"1,776",19.7,4,3,4,0,0,2,0,0.20,0.15,0.35,0.20,0.35,2.8,2.8,1.9,4.6,0.14,0.09,0.24,0.14,0.24,Giovani Lo Celso
206,be BEL,DF,25,24,16,"1,578",17.5,4,4,4,0,0,3,0,0.23,0.23,0.46,0.23,0.46,0.8,0.8,4.4,5.2,0.05,0.25,0.30,0.05,0.30,Thomas Meunier
207,ar ARG,"MF,FW",28,25,14,"1,347",15.0,4,5,4,0,0,2,0,0.27,0.33,0.60,0.27,0.60,2.0,2.0,3.8,5.8,0.13,0.25,0.39,0.13,0.39,Javier Pastore
208,it ITA,MF,34,19,14,"1,154",12.8,1,1,1,0,0,3,1,0.08,0.08,0.16,0.08,0.16,0.5,0.5,0.3,0.9,0.04,0.03,0.07,0.04,0.07,Thiago Motta
209,fr FRA,MF,32,10,8,606,6.7,0,1,0,0,0,4,0,0.00,0.15,0.15,0.00,0.15,0.0,0.0,0.2,0.2,0.00,0.03,0.03,0.00,0.03,Lassana Diarra
210,fr FRA,"FW,MF",19,20,6,631,7.0,4,0,4,0,0,0,0,0.57,0.00,0.57,0.57,0.57,2.4,2.4,0.7,3.1,0.35,0.10,0.45,0.35,0.45,Christopher Nkunku
211,de GER,GK,27,4,4,360,4.0,0,0,0,0,0,0,0,0.00,0.00,0.00,0.00,0.00,0.0,0.0,0.0,0.0,0.00,0.00,0.00,0.00,0.00,Kevin Trapp
212,us USA,FW,17,3,1,122,1.4,0,0,0,0,0,1,0,0.00,0.00,0.00,0.00,0.00,0.7,0.7,0.4,1.1,0.53,0.31,0.85,0.53,0.85,Timothy Weah
213,br BRA,FW,24,5,0,76,0.8,1,1,1,0,0,1,0,1.18,1.18,2.37,1.18,2.37,1.3,1.3,0.7,2.0,1.56,0.80,2.37,1.56,2.37,Lucas Moura
214,fr FRA,MF,30,2,0,28,0.3,0,0,0,0,0,0,0,0.00,0.00,0.00,0.00,0.00,0.0,0.0,0.0,0.0,0.00,0.00,0.00,0.00,0.00,Blaise Matuidi
215,fr FRA,DF,18,1,0,26,0.3,0,0,0,0,0,0,0,0.00,0.00,0.00,0.00,0.00,0.0,0.0,0.0,0.0,0.00,0.00,0.00,0.00,0.00,Stanley N'Soki
216,fr FRA,FW,17,1,0,8,0.1,0,0,0,0,0,0,0,0.00,0.00,0.00,0.00,0.00,0.0,0.0,0.0,0.0,0.00,0.00,0.00,0.00,0.00,Yacine Adli
217,gf GUF,DF,26,1,0,7,0.1,0,0,0,0,0,0,0,0.00,0.00,0.00,0.00,0.00,0.0,0.0,0.0,0.0,0.00,0.00,0.00,0.00,0.00,Kévin Rimane
218,pt POR,FW,20,1,0,5,0.1,0,0,0,0,0,0,0,0.00,0.00,0.00,0.00,0.00,0.0,0.0,0.0,0.0,0.00,0.00,0.00,0.00,0.00,Gonçalo Guedes
219,fr FRA,MF,18,0,0,,,,,,,,,,,,,,,,,,,,,,,,Antoine Bernede
220,fr FRA,MF,19,0,0,,,,,,,,,,,,,,,,,,,,,,,,Lorenzo Callegari
221,fr FRA,GK,19,0,0,,,,,,,,,,,,,,,,,,,,,,,,Sébastien Cibois
222,fr FRA,GK,21,0,0,,,,,,,,,,,,,,,,,,,,,,,,Rémy Descamps
223,fr FRA,DF,18,0,0,,,,,,,,,,,,,,,,,,,,,,,,Alec Georgen
224,fr FRA,"MF,FW",23,37,35,"3,102",34.5,10,7,7,3,3,3,0,0.29,0.20,0.49,0.20,0.41,8.8,6.5,8.7,15.1,0.26,0.25,0.51,0.19,0.44,Benjamin Bourigeaud
225,cz CZE,GK,24,34,34,"3,060",34.0,0,0,0,0,0,0,0,0.00,0.00,0.00,0.00,0.00,0.0,0.0,0.0,0.0,0.00,0.00,0.00,0.00,0.00,Tomáš Koubek
226,fr FRA,MF,26,34,34,"3,011",33.5,3,3,3,0,0,11,1,0.09,0.09,0.18,0.09,0.18,4.3,4.3,1.9,6.2,0.13,0.06,0.19,0.13,0.19,Benjamin André
227,fr FRA,DF,20,36,32,"2,919",32.4,2,2,2,0,0,3,0,0.06,0.06,0.12,0.06,0.12,2.6,2.6,0.2,2.7,0.08,0.01,0.08,0.08,0.08,Joris Gnagnon
228,ml MLI,DF,25,30,30,"2,637",29.3,0,1,0,0,0,10,0,0.00,0.03,0.03,0.00,0.03,0.4,0.4,1.3,1.8,0.02,0.05,0.06,0.02,0.06,Hamari Traoré
229,dz ALG,DF,22,29,26,"2,342",26.0,0,1,0,0,0,6,0,0.00,0.04,0.04,0.00,0.04,1.3,1.3,2.1,3.4,0.05,0.08,0.13,0.05,0.13,Ramy Bensebaini
230,fr FRA,"DF,MF",20,28,25,"2,315",25.7,0,2,0,0,0,2,0,0.00,0.08,0.08,0.00,0.08,0.3,0.3,0.6,0.8,0.01,0.02,0.03,0.01,0.03,Jérémy Gélin
231,tn TUN,"FW,MF",26,24,23,"1,918",21.3,9,2,6,3,4,8,1,0.42,0.09,0.52,0.28,0.38,7.8,4.6,3.8,8.4,0.36,0.18,0.54,0.22,0.39,Wahbi Khazri
232,sn SEN,"FW,MF",19,24,22,"1,858",20.6,5,3,5,0,0,2,0,0.24,0.15,0.39,0.24,0.39,4.8,4.8,2.8,7.6,0.23,0.13,0.37,0.23,0.37,Ismaila Sarr
233,cm CMR,MF,21,32,19,"1,818",20.2,3,2,3,0,0,6,1,0.15,0.10,0.25,0.15,0.25,2.6,2.6,3.0,5.6,0.13,0.15,0.28,0.13,0.28,James Lea Siliki
234,ba BIH,MF,23,19,18,"1,565",17.4,1,2,1,0,0,3,0,0.06,0.12,0.17,0.06,0.17,0.5,0.5,0.4,0.9,0.03,0.02,0.05,0.03,0.05,Sanjin Prcić
235,fr FRA,"FW,MF",23,24,17,"1,458",16.2,5,1,5,0,0,1,0,0.31,0.06,0.37,0.31,0.37,3.9,3.9,0.4,4.4,0.24,0.03,0.27,0.24,0.27,Adrien Hunou
236,gf GUF,DF,31,17,14,"1,159",12.9,0,0,0,0,0,0,0,0.00,0.00,0.00,0.00,0.00,0.0,0.0,1.0,1.0,0.00,0.08,0.08,0.00,0.08,Ludovic Baal
237,cd COD,"FW,MF",23,19,13,"1,227",13.6,5,1,5,0,1,1,0,0.37,0.07,0.44,0.37,0.44,4.8,4.0,1.8,5.8,0.35,0.14,0.48,0.29,0.43,Ndombe Mubele
238,mz MOZ,DF,28,17,13,"1,201",13.3,0,0,0,0,0,1,0,0.00,0.00,0.00,0.00,0.00,0.3,0.3,0.2,0.5,0.02,0.02,0.04,0.02,0.04,Mexer
239,dz ALG,"DF,MF",25,15,11,989,11.0,0,1,0,0,0,0,0,0.00,0.09,0.09,0.00,0.09,0.5,0.5,0.8,1.3,0.05,0.07,0.12,0.05,0.12,Mehdi Zeffane
240,fr FRA,"MF,FW",32,14,10,746,8.3,0,0,0,0,0,2,2,0.00,0.00,0.00,0.00,0.00,1.0,1.0,0.5,1.5,0.12,0.06,0.18,0.12,0.18,Morgan Amalfitano
241,fr FRA,"MF,FW",19,19,9,887,9.9,0,2,0,0,0,1,0,0.00,0.20,0.20,0.00,0.20,0.5,0.5,1.5,2.1,0.06,0.15,0.21,0.06,0.21,Faitout Maouassa
242,fr FRA,DF,31,12,9,681,7.6,0,0,0,0,0,2,0,0.00,0.00,0.00,0.00,0.00,0.0,0.0,0.1,0.1,0.00,0.02,0.02,0.00,0.02,Romain Danzé
243,sn SEN,FW,27,13,7,778,8.6,2,0,2,0,0,1,0,0.23,0.00,0.23,0.23,0.23,4.1,4.1,0.2,4.4,0.48,0.02,0.50,0.48,0.50,Diafra Sakho
244,fr FRA,"MF,FW",31,10,5,426,4.7,1,2,1,0,0,0,0,0.21,0.42,0.63,0.21,0.63,0.5,0.5,0.9,1.4,0.10,0.20,0.30,0.10,0.30,Yoann Gourcuff
245,es ESP,"FW,MF",22,11,3,357,4.0,1,0,1,0,0,0,0,0.25,0.00,0.25,0.25,0.25,0.6,0.6,0.6,1.2,0.15,0.16,0.31,0.15,0.31,Brandon
246,sn SEN,GK,25,3,3,270,3.0,0,0,0,0,0,0,0,0.00,0.00,0.00,0.00,0.00,0.0,0.0,0.0,0.0,0.00,0.00,0.00,0.00,0.00,Abdoulaye Diallo
247,fr FRA,DF,20,3,3,270,3.0,0,0,0,0,0,0,0,0.00,0.00,0.00,0.00,0.00,0.1,0.1,0.0,0.1,0.04,0.00,0.04,0.04,0.04,Gerzino Nyamsi
248,pt POR,"DF,FW",24,5,1,223,2.5,0,0,0,0,0,1,0,0.00,0.00,0.00,0.00,0.00,0.0,0.0,0.0,0.0,0.00,0.00,0.00,0.00,0.00,Afonso Figueiredo
249,dz ALG,GK,31,1,1,90,1.0,0,0,0,0,0,0,0,0.00,0.00,0.00,0.00,0.00,0.0,0.0,0.0,0.0,0.00,0.00,0.00,0.00,0.00,Raïs M'Bolhi
250,fr FRA,MF,18,3,1,76,0.8,0,0,0,0,0,0,0,0.00,0.00,0.00,0.00,0.00,0.0,0.0,0.0,0.0,0.00,0.00,0.00,0.00,0.00,Nicolas Janvier
251,fr FRA,"FW,MF",20,6,0,114,1.3,1,0,1,0,0,0,0,0.79,0.00,0.79,0.79,0.79,1.0,1.0,0.1,1.1,0.77,0.06,0.82,0.77,0.82,Jordan Tell
252,fr FRA,DF,19,0,0,,,,,,,,,,,,,,,,,,,,,,,,Maxime Bernauer
253,lt LTU,GK,21,0,0,,,,,,,,,,,,,,,,,,,,,,,,Edvinas Gertmonas
254,fr FRA,"FW,MF",18,0,0,,,,,,,,,,,,,,,,,,,,,,,,Armand Lauriente
255,fr FRA,MF,21,0,0,,,,,,,,,,,,,,,,,,,,,,,,Sebastien Salles-Lamonge
256,ma MAR,MF,20,0,0,,,,,,,,,,,,,,,,,,,,,,,,Sabri Toufiqui
257,fr FRA,FW,24,35,35,"2,950",32.8,22,11,19,3,4,7,0,0.67,0.34,1.01,0.58,0.92,16.7,13.6,12.2,25.7,0.51,0.37,0.88,0.41,0.79,Florian Thauvin
258,br BRA,"MF,DF",30,34,34,"3,019",33.5,5,1,5,0,0,10,1,0.15,0.03,0.18,0.15,0.18,4.0,3.4,0.7,4.1,0.12,0.02,0.14,0.10,0.12,Luiz Gustavo
259,fr FRA,DF,31,33,33,"2,955",32.8,1,2,1,0,0,5,0,0.03,0.06,0.09,0.03,0.09,2.0,2.0,2.0,4.0,0.06,0.06,0.12,0.06,0.12,Adil Rami
260,fr FRA,GK,32,31,31,"2,704",30.0,0,0,0,0,0,0,0,0.00,0.00,0.00,0.00,0.00,0.0,0.0,0.0,0.0,0.00,0.00,0.00,0.00,0.00,Steve Mandanda
261,jp JPN,DF,27,33,30,"2,520",28.0,0,3,0,0,0,1,0,0.00,0.11,0.11,0.00,0.11,0.1,0.1,1.4,1.5,0.00,0.05,0.05,0.00,0.05,Hiroki Sakai
262,pt POR,DF,31,31,28,"2,511",27.9,1,0,1,0,0,5,0,0.04,0.00,0.04,0.04,0.04,2.5,2.5,0.2,2.7,0.09,0.01,0.10,0.09,0.10,Rolando
263,fr FRA,"MF,FW",30,31,28,"2,347",26.1,6,14,4,2,3,6,0,0.23,0.54,0.77,0.15,0.69,8.0,5.6,14.4,20.0,0.31,0.55,0.86,0.22,0.77,Dimitri Payet
264,cm CMR,MF,21,37,26,"2,439",27.1,0,0,0,0,0,4,0,0.00,0.00,0.00,0.00,0.00,1.6,1.6,3.2,4.8,0.06,0.12,0.18,0.06,0.18,Andre-Frank Zambo Anguissa
265,fr FRA,MF,22,33,25,"2,165",24.1,9,2,9,0,0,8,0,0.37,0.08,0.46,0.37,0.46,5.7,5.7,3.6,9.3,0.24,0.15,0.39,0.24,0.39,Morgan Sanson
266,fr FRA,DF,23,27,24,"2,193",24.4,0,5,0,0,0,7,0,0.00,0.21,0.21,0.00,0.21,0.6,0.6,2.0,2.6,0.02,0.08,0.11,0.02,0.11,Jordan Amavi
267,fr FRA,FW,27,35,24,"2,167",24.1,9,5,9,0,1,2,0,0.37,0.21,0.58,0.37,0.58,9.7,9.0,4.9,13.9,0.40,0.20,0.61,0.37,0.58,Valère Germain
268,ar ARG,FW,23,31,23,"2,038",22.6,9,3,9,0,0,6,1,0.40,0.13,0.53,0.40,0.53,10.6,10.6,2.5,13.0,0.47,0.11,0.58,0.47,0.58,Lucas Ocampos
269,sn SEN,"DF,FW",25,29,18,"1,789",19.9,0,3,0,0,0,5,0,0.00,0.15,0.15,0.00,0.15,1.1,1.1,2.8,4.0,0.06,0.14,0.20,0.06,0.20,Bouna Sarr
270,fr FRA,"MF,FW",19,24,14,"1,378",15.3,0,1,0,0,0,2,0,0.00,0.07,0.07,0.00,0.07,0.9,0.9,1.7,2.6,0.06,0.11,0.17,0.06,0.17,Maxime Lopez
271,gr GRE,FW,29,19,9,876,9.7,9,0,9,0,0,2,0,0.92,0.00,0.92,0.92,0.92,10.3,10.3,1.1,11.3,1.05,0.11,1.16,1.05,1.16,Kostas Mitroglou
272,cm CMR,FW,23,22,9,874,9.7,7,3,7,0,0,2,0,0.72,0.31,1.03,0.72,1.03,5.4,5.4,3.1,8.5,0.55,0.32,0.87,0.55,0.87,Clinton N'Jie
273,fr FRA,GK,34,10,7,738,8.2,0,0,0,0,0,1,0,0.00,0.00,0.00,0.00,0.00,0.0,0.0,0.0,0.0,0.00,0.00,0.00,0.00,0.00,Yohann Pelé
274,tn TUN,DF,27,8,6,499,5.5,0,0,0,0,0,3,0,0.00,0.00,0.00,0.00,0.00,0.1,0.1,0.0,0.1,0.02,0.00,0.02,0.02,0.02,Aymen Abdennour
275,fr FRA,"DF,MF",17,6,5,455,5.1,0,1,0,0,0,1,0,0.00,0.20,0.20,0.00,0.20,0.2,0.2,0.3,0.5,0.04,0.05,0.09,0.04,0.09,Boubacar Kamara
276,fr FRA,DF,36,4,4,349,3.9,0,0,0,0,0,2,0,0.00,0.00,0.00,0.00,0.00,0.1,0.1,0.1,0.2,0.02,0.02,0.05,0.02,0.05,Patrice Evra
277,fr FRA,"DF,MF",27,7,3,350,3.9,0,0,0,0,0,1,0,0.00,0.00,0.00,0.00,0.00,0.6,0.6,0.1,0.7,0.15,0.02,0.17,0.15,0.17,Grégory Sertic
278,sk SVK,DF,31,1,1,90,1.0,0,0,0,0,0,1,0,0.00,0.00,0.00,0.00,0.00,0.0,0.0,0.0,0.0,0.00,0.00,0.00,0.00,0.00,Tomáš Hubočan
279,br BRA,DF,22,3,1,77,0.9,0,0,0,0,0,0,0,0.00,0.00,0.00,0.00,0.00,0.0,0.0,0.0,0.0,0.00,0.00,0.00,0.00,0.00,Dória
280,fr FRA,"FW,MF",27,3,0,64,0.7,1,0,1,0,0,0,0,1.41,0.00,1.41,1.41,1.41,0.7,0.7,0.0,0.7,0.99,0.00,0.99,0.99,0.99,Rémy Cabella
281,cm CMR,"DF,FW",33,3,0,42,0.5,0,0,0,0,0,0,0,0.00,0.00,0.00,0.00,0.00,0.0,0.0,0.0,0.0,0.00,0.00,0.00,0.00,0.00,Henri Bedimo
282,tr TUR,FW,18,1,0,1,0.0,0,0,0,0,0,0,0,0.00,0.00,0.00,0.00,0.00,0.0,0.0,0.0,0.0,0.00,0.00,0.00,0.00,0.00,Yusuf Sari
283,fr FRA,GK,21,0,0,,,,,,,,,,,,,,,,,,,,,,,,Florian Escales
284,fr FRA,DF,19,0,0,,,,,,,,,,,,,,,,,,,,,,,,Christopher Rocchia
285,ro ROU,GK,31,37,37,"3,330",37.0,0,0,0,0,0,0,0,0.00,0.00,0.00,0.00,0.00,0.0,0.0,0.0,0.0,0.00,0.00,0.00,0.00,0.00,Ciprian Tătărușanu
286,ar ARG,FW,26,36,34,"3,031",33.7,12,4,8,4,5,4,1,0.36,0.12,0.48,0.24,0.36,16.2,12.3,2.7,15.0,0.48,0.08,0.56,0.36,0.45,Emiliano Sala
287,fr FRA,DF,22,34,34,"3,021",33.6,3,4,3,0,0,5,0,0.09,0.12,0.21,0.09,0.21,2.1,2.1,6.7,8.8,0.06,0.20,0.26,0.06,0.26,Leo Dubois
288,fr FRA,MF,23,36,31,"2,810",31.2,1,1,1,0,0,3,0,0.03,0.03,0.06,0.03,0.06,1.5,1.5,0.9,2.4,0.05,0.03,0.08,0.05,0.08,Abdoulaye Touré
289,br BRA,"DF,FW",25,33,30,"2,657",29.5,2,3,2,0,0,3,0,0.07,0.10,0.17,0.07,0.17,1.4,1.4,5.0,6.4,0.05,0.17,0.22,0.05,0.22,Lucas Lima
290,fr FRA,"MF,FW",23,36,29,"2,578",28.6,5,3,5,0,0,4,0,0.17,0.10,0.28,0.17,0.28,4.2,4.2,3.2,7.4,0.15,0.11,0.26,0.15,0.26,Adrien Thomasson
291,fr FRA,MF,22,32,29,"2,350",26.1,1,2,1,0,0,1,0,0.04,0.08,0.11,0.04,0.11,1.9,1.9,2.1,4.0,0.07,0.08,0.15,0.07,0.15,Valentin Rongier
292,fr FRA,DF,29,28,28,"2,431",27.0,0,3,0,0,0,8,2,0.00,0.11,0.11,0.00,0.11,1.0,1.0,0.5,1.4,0.04,0.02,0.05,0.04,0.05,Nicolas Pallois
293,ci CIV,DF,24,29,27,"2,416",26.8,0,0,0,0,0,2,0,0.00,0.00,0.00,0.00,0.00,0.3,0.3,0.3,0.6,0.01,0.01,0.02,0.01,0.02,Koffi Djidji
294,br BRA,DF,24,28,27,"2,291",25.5,1,0,1,0,0,7,1,0.04,0.00,0.04,0.04,0.04,1.6,1.6,0.5,2.1,0.06,0.02,0.08,0.06,0.08,Diego Carlos
295,br BRA,MF,25,25,18,"1,520",16.9,1,1,1,0,0,8,0,0.06,0.06,0.12,0.06,0.12,1.4,1.4,0.6,1.9,0.08,0.03,0.12,0.08,0.12,Andrei Girotto
296,ng NGA,DF,20,22,16,"1,512",16.8,1,1,1,0,0,2,1,0.06,0.06,0.12,0.06,0.12,0.9,0.9,0.1,1.1,0.06,0.01,0.06,0.06,0.06,Chidozie Awaziem
297,si SVN,MF,27,18,16,"1,312",14.6,1,0,1,0,0,5,0,0.07,0.00,0.07,0.07,0.07,1.3,1.3,0.2,1.5,0.09,0.01,0.10,0.09,0.10,Rene Krhin
298,fr FRA,"MF,FW",25,26,14,"1,421",15.8,0,0,0,0,0,1,0,0.00,0.00,0.00,0.00,0.00,1.7,1.7,2.4,4.1,0.11,0.15,0.26,0.11,0.26,Jules Iloki
299,bf BFA,FW,30,18,13,"1,148",12.8,3,0,3,0,0,4,0,0.24,0.00,0.24,0.24,0.24,3.4,3.4,0.9,4.2,0.26,0.07,0.33,0.26,0.33,Préjuce Nakoulma
300,ma MAR,"MF,FW",25,16,10,725,8.1,3,0,3,0,0,2,1,0.37,0.00,0.37,0.37,0.37,1.0,1.0,0.2,1.2,0.13,0.03,0.15,0.13,0.15,Yacine Bammou
301,be BEL,"MF,FW",27,20,5,644,7.2,0,0,0,0,0,1,0,0.00,0.00,0.00,0.00,0.00,0.7,0.7,1.2,1.9,0.10,0.17,0.26,0.10,0.26,Yassine El Ghanassy
302,sn SEN,"FW,MF",24,13,4,466,5.2,1,0,1,0,0,1,0,0.19,0.00,0.19,0.19,0.19,1.3,1.3,0.6,1.9,0.25,0.12,0.37,0.25,0.37,Santy Ngom
303,cd COD,MF,20,7,4,431,4.8,0,0,0,0,0,0,0,0.00,0.00,0.00,0.00,0.00,0.2,0.2,0.2,0.4,0.04,0.05,0.09,0.04,0.09,Samuel Moutoussamy
304,ml MLI,FW,25,8,3,341,3.8,1,0,1,0,0,0,0,0.26,0.00,0.26,0.26,0.26,0.3,0.3,0.7,1.0,0.08,0.17,0.25,0.08,0.25,Kalifa Coulibaly
305,se SWE,"MF,FW",25,9,3,316,3.5,0,1,0,0,0,0,0,0.00,0.28,0.28,0.00,0.28,0.2,0.2,0.2,0.4,0.05,0.07,0.11,0.05,0.11,Alexander Kačaniklić
306,fr FRA,DF,25,3,2,208,2.3,0,1,0,0,0,0,0,0.00,0.43,0.43,0.00,0.43,0.1,0.1,0.4,0.4,0.03,0.16,0.19,0.03,0.19,David Alcibiade
307,fr FRA,GK,24,1,1,90,1.0,0,0,0,0,0,0,0,0.00,0.00,0.00,0.00,0.00,0.0,0.0,0.0,0.0,0.00,0.00,0.00,0.00,0.00,Maxime Dupé
308,fr FRA,DF,20,1,1,90,1.0,0,0,0,0,0,0,0,0.00,0.00,0.00,0.00,0.00,0.0,0.0,0.0,0.0,0.00,0.00,0.00,0.00,0.00,Enock Kwateng
309,cd COD,DF,23,1,1,90,1.0,0,0,0,0,0,0,0,0.00,0.00,0.00,0.00,0.00,0.0,0.0,0.0,0.0,0.00,0.00,0.00,0.00,0.00,Anthony Walongwa
310,be BEL,"FW,MF",22,3,1,89,1.0,0,0,0,0,0,0,0,0.00,0.00,0.00,0.00,0.00,0.0,0.0,0.1,0.1,0.03,0.07,0.10,0.03,0.10,Joris Kayembe
311,fr FRA,"FW,MF",23,5,0,96,1.1,0,0,0,0,0,1,0,0.00,0.00,0.00,0.00,0.00,0.1,0.1,0.0,0.1,0.06,0.00,0.06,0.06,0.06,Najib Gandi
312,is ISL,FW,27,2,0,25,0.3,0,0,0,0,0,0,0,0.00,0.00,0.00,0.00,0.00,0.1,0.1,0.0,0.1,0.20,0.00,0.20,0.20,0.20,Kolbeinn Sigþórsson
313,be BEL,MF,33,1,0,16,0.2,0,0,0,0,0,1,0,0.00,0.00,0.00,0.00,0.00,0.0,0.0,0.0,0.0,0.00,0.00,0.00,0.00,0.00,Guillaume Gillet
314,pl POL,FW,22,1,0,1,0.0,0,0,0,0,0,0,0,0.00,0.00,0.00,0.00,0.00,0.0,0.0,0.0,0.0,0.00,0.00,0.00,0.00,0.00,Mariusz Stępiński
315,fr FRA,FW,18,0,0,,,,,,,,,,,,,,,,,,,,,,,,Randal Kolo Muani
316,fr FRA,GK,21,0,0,,,,,,,,,,,,,,,,,,,,,,,,Alexandre Olliero
317,fr FRA,MF,20,37,37,"3,132",34.8,0,0,0,0,0,8,0,0.00,0.00,0.00,0.00,0.00,2.1,2.1,0.6,2.6,0.06,0.02,0.07,0.06,0.07,Lucas Tousart
318,br BRA,DF,30,35,35,"3,105",34.5,3,1,3,0,0,5,1,0.09,0.03,0.12,0.09,0.12,2.5,2.5,1.6,4.1,0.07,0.05,0.12,0.07,0.12,Marcelo
319,pt POR,GK,26,34,34,"3,060",34.0,0,0,0,0,0,1,0,0.00,0.00,0.00,0.00,0.00,0.0,0.0,0.0,0.0,0.00,0.00,0.00,0.00,0.00,Anthony Lopes
320,mg MAD,DF,33,33,32,"2,916",32.4,0,0,0,0,0,4,0,0.00,0.00,0.00,0.00,0.00,0.0,0.0,0.1,0.1,0.00,0.00,0.00,0.00,0.00,Jérémy Morel
321,do DOM,FW,23,34,30,"2,507",27.9,18,4,17,1,1,6,0,0.65,0.14,0.79,0.61,0.75,12.6,11.8,2.9,14.7,0.45,0.10,0.56,0.42,0.53,Mariano
322,nl NED,FW,23,36,28,"2,555",28.4,19,13,17,2,2,2,0,0.67,0.46,1.13,0.60,1.06,12.0,10.8,8.0,18.8,0.42,0.28,0.70,0.38,0.66,Memphis
323,fr FRA,"MF,FW",24,30,28,"2,477",27.5,18,8,15,3,4,8,0,0.65,0.29,0.94,0.55,0.84,12.6,9.5,5.7,15.2,0.46,0.21,0.67,0.34,0.55,Nabil Fekir
324,fr FRA,MF,20,32,28,"2,352",26.1,0,6,0,0,0,5,0,0.00,0.23,0.23,0.00,0.23,1.4,1.4,4.5,5.9,0.05,0.17,0.23,0.05,0.23,Tanguy Ndombele
325,fr FRA,"MF,FW",19,32,27,"2,433",27.0,6,5,6,0,0,1,0,0.22,0.18,0.41,0.22,0.41,5.3,5.3,4.5,9.8,0.20,0.17,0.36,0.20,0.36,Houssem Aouar
326,bf BFA,FW,21,31,27,"2,284",25.4,13,4,13,0,0,3,0,0.51,0.16,0.67,0.51,0.67,8.9,8.9,2.7,11.6,0.35,0.11,0.46,0.35,0.46,Bertrand Traoré
327,fr FRA,DF,22,27,24,"2,122",23.6,0,5,0,0,0,4,0,0.00,0.21,0.21,0.00,0.21,0.8,0.8,2.4,3.2,0.03,0.10,0.14,0.03,0.14,Ferland Mendy
328,br BRA,DF,27,24,22,"1,812",20.1,1,2,1,0,0,9,0,0.05,0.10,0.15,0.05,0.15,0.7,0.7,2.9,3.5,0.03,0.14,0.18,0.03,0.18,Rafael
329,nl NED,DF,21,22,16,"1,608",17.9,1,4,1,0,0,3,0,0.06,0.22,0.28,0.06,0.28,0.7,0.7,2.7,3.4,0.04,0.15,0.19,0.04,0.19,Kenny Tete
330,br BRA,DF,28,18,14,"1,295",14.4,0,3,0,0,0,1,0,0.00,0.21,0.21,0.00,0.21,0.1,0.1,1.4,1.5,0.01,0.10,0.10,0.01,0.10,Fernando Marçal
331,ci CIV,FW,20,30,13,"1,272",14.1,4,6,4,0,0,1,0,0.28,0.42,0.71,0.28,0.71,3.1,3.0,2.4,5.4,0.22,0.17,0.39,0.21,0.39,Maxwel Cornet
332,gn GUI,DF,20,12,8,728,8.1,1,0,1,0,0,2,0,0.12,0.00,0.12,0.12,0.12,0.5,0.5,0.0,0.5,0.06,0.00,0.06,0.06,0.06,Mouctar Diakhaby
333,fr FRA,MF,25,24,4,638,7.1,0,1,0,0,0,4,0,0.00,0.14,0.14,0.00,0.14,0.4,0.4,0.8,1.2,0.05,0.12,0.17,0.05,0.17,Jordan Ferri
334,fr FRA,GK,26,4,4,360,4.0,0,0,0,0,0,0,0,0.00,0.00,0.00,0.00,0.00,0.0,0.0,0.0,0.0,0.00,0.00,0.00,0.00,0.00,Mathieu Gorgelin
335,es ESP,MF,23,3,3,209,2.3,0,0,0,0,0,2,1,0.00,0.00,0.00,0.00,0.00,0.1,0.1,0.1,0.2,0.02,0.04,0.07,0.02,0.07,Sergi Darder
336,fr FRA,"FW,MF",18,13,2,331,3.7,1,0,1,0,0,0,0,0.27,0.00,0.27,0.27,0.27,0.8,0.8,0.9,1.7,0.20,0.25,0.45,0.20,0.45,Myziane Maolida
337,fr FRA,DF,28,2,1,128,1.4,0,0,0,0,0,1,0,0.00,0.00,0.00,0.00,0.00,0.0,0.0,0.0,0.0,0.00,0.00,0.00,0.00,0.00,Mapou Yanga-Mbiwa
338,lu LUX,MF,20,2,1,69,0.8,0,0,0,0,0,1,0,0.00,0.00,0.00,0.00,0.00,0.0,0.0,0.0,0.0,0.00,0.06,0.06,0.00,0.06,Christopher Martins
339,fr FRA,"FW,MF",17,7,0,83,0.9,0,0,0,0,0,0,0,0.00,0.00,0.00,0.00,0.00,0.1,0.1,0.1,0.2,0.14,0.11,0.25,0.14,0.25,Amine Gouiri
340,fr FRA,"FW,MF",15,2,0,33,0.4,0,0,0,0,0,0,0,0.00,0.00,0.00,0.00,0.00,0.0,0.0,0.0,0.0,0.00,0.00,0.00,0.00,0.00,Willem Geubbels
341,sn SEN,MF,19,1,0,10,0.1,0,0,0,0,0,0,0,0.00,0.00,0.00,0.00,0.00,0.0,0.0,0.0,0.0,0.00,0.00,0.00,0.00,0.00,Pape Cheikh Diop
342,fr FRA,FW,26,1,0,5,0.1,0,0,0,0,0,0,0,0.00,0.00,0.00,0.00,0.00,0.1,0.1,0.0,0.1,1.41,0.00,1.41,1.41,1.41,Clément Grenier
343,fr FRA,GK,21,0,0,,,,,,,,,,,,,,,,,,,,,,,,Dorian Grange
344,cf CTA,DF,21,0,0,,,,,,,,,,,,,,,,,,,,,,,,Dylan Mboumbouni
345,gh GHA,MF,19,0,0,,,,,,,,,,,,,,,,,,,,,,,,Elisha Owusu
346,ch SUI,GK,18,0,0,,,,,,,,,,,,,,,,,,,,,,,,Anthony Racioppi
347,fr FRA,DF,17,0,0,,,,,,,,,,,,,,,,,,,,,,,,Oumar Solet
348,fr FRA,GK,26,38,38,"3,420",38.0,0,0,0,0,0,3,0,0.00,0.00,0.00,0.00,0.00,0.0,0.0,0.3,0.3,0.00,0.01,0.01,0.00,0.01,Baptiste Reynet
349,cf CTA,DF,26,32,31,"2,829",31.4,3,0,3,0,0,7,2,0.10,0.00,0.10,0.10,0.10,1.2,1.2,0.3,1.5,0.04,0.01,0.05,0.04,0.05,Cédric Yamberé
350,fr FRA,DF,20,36,31,"2,780",30.9,0,3,0,0,0,5,0,0.00,0.10,0.10,0.00,0.10,1.0,1.0,2.5,3.5,0.03,0.08,0.11,0.03,0.11,Valentin Rosier
351,fr FRA,MF,27,33,31,"2,703",30.0,0,3,0,0,0,5,0,0.00,0.10,0.10,0.00,0.10,0.3,0.3,1.8,2.2,0.01,0.06,0.07,0.01,0.07,Romain Amalfitano
352,sn SEN,DF,28,30,30,"2,699",30.0,0,1,0,0,0,4,1,0.00,0.03,0.03,0.00,0.03,1.4,1.4,0.5,1.9,0.05,0.02,0.06,0.05,0.06,Papy Djilobodji
353,tn TUN,DF,25,33,27,"2,503",27.8,1,1,1,0,0,6,1,0.04,0.04,0.07,0.04,0.07,0.5,0.5,1.5,2.1,0.02,0.05,0.07,0.02,0.07,Oussama Haddadi
354,tn TUN,"FW,MF",25,31,26,"2,290",25.4,7,6,5,2,2,2,0,0.28,0.24,0.51,0.20,0.43,5.8,4.2,5.2,9.5,0.23,0.21,0.43,0.17,0.37,Naïm Sliti
355,kr KOR,"FW,MF",23,34,26,"2,137",23.7,11,3,11,0,0,3,0,0.46,0.13,0.59,0.46,0.59,6.6,6.6,2.3,8.9,0.28,0.10,0.38,0.28,0.38,Kwon Chang-hoon
356,cv CPV,FW,28,26,23,"2,055",22.8,12,2,9,3,3,3,0,0.53,0.09,0.61,0.39,0.48,10.0,7.7,1.9,9.6,0.44,0.08,0.52,0.34,0.42,Júlio Tavares
357,fr FRA,MF,25,27,21,"1,883",20.9,1,1,1,0,0,5,0,0.05,0.05,0.10,0.05,0.10,1.5,1.5,0.4,1.9,0.07,0.02,0.09,0.07,0.09,Jordan Marié
358,fr FRA,"FW,MF",22,29,20,"1,839",20.4,9,2,9,0,0,4,0,0.44,0.10,0.54,0.44,0.54,4.3,4.3,2.1,6.4,0.21,0.10,0.31,0.21,0.31,Wesley Saïd
359,ma MAR,DF,30,23,19,"1,613",17.9,0,2,0,0,0,4,0,0.00,0.11,0.11,0.00,0.11,0.2,0.2,1.8,1.9,0.01,0.10,0.11,0.01,0.11,Fouad Chafik
360,fr FRA,"FW,MF",31,26,16,"1,429",15.9,0,4,0,0,0,1,0,0.00,0.25,0.25,0.00,0.25,1.7,1.7,2.3,4.0,0.11,0.14,0.25,0.11,0.25,Frédéric Sammaritano
361,pt POR,MF,22,17,15,"1,393",15.5,2,3,2,0,0,4,0,0.13,0.19,0.32,0.13,0.32,2.4,2.4,2.2,4.6,0.15,0.14,0.29,0.15,0.29,Xeka
362,fr FRA,FW,25,24,14,"1,407",15.6,4,1,4,0,0,4,0,0.26,0.06,0.32,0.26,0.32,3.4,3.4,1.5,4.9,0.22,0.10,0.31,0.22,0.31,Benjamin Jeannot
363,dz ALG,MF,24,19,14,"1,176",13.1,0,1,0,0,0,2,0,0.00,0.08,0.08,0.00,0.08,1.0,1.0,0.3,1.3,0.07,0.02,0.10,0.07,0.10,Mehdi Abeid
364,fr FRA,DF,37,11,10,883,9.8,1,0,1,0,0,0,0,0.10,0.00,0.10,0.10,0.10,0.3,0.3,0.1,0.4,0.03,0.01,0.04,0.03,0.04,Cédric Varrault
365,fr FRA,MF,37,21,9,860,9.6,1,3,1,0,0,3,0,0.10,0.31,0.42,0.10,0.42,0.3,0.3,1.7,2.0,0.03,0.18,0.21,0.03,0.21,Florent Balmont
366,nc NCL,"DF,MF",29,10,8,622,6.9,0,0,0,0,0,1,0,0.00,0.00,0.00,0.00,0.00,0.1,0.1,0.0,0.1,0.01,0.00,0.01,0.01,0.01,Wesley Lautoa
367,cg CGO,DF,28,6,3,336,3.7,0,0,0,0,0,1,0,0.00,0.00,0.00,0.00,0.00,0.0,0.0,0.2,0.2,0.01,0.05,0.06,0.01,0.06,Arnold Bouka Moutou
368,hu HUN,DF,24,3,3,232,2.6,0,0,0,0,0,1,1,0.00,0.00,0.00,0.00,0.00,0.0,0.0,0.0,0.0,0.00,0.00,0.00,0.00,0.00,Ádám Lang
369,cg CGO,"MF,FW",20,6,2,189,2.1,0,0,0,0,0,1,0,0.00,0.00,0.00,0.00,0.00,0.0,0.0,0.3,0.3,0.01,0.13,0.14,0.01,0.14,Eden Massouema
370,fr FRA,MF,16,4,1,167,1.9,0,0,0,0,0,0,0,0.00,0.00,0.00,0.00,0.00,0.0,0.0,0.1,0.1,0.00,0.03,0.03,0.00,0.03,Enzo Loiodice
371,fr FRA,"FW,MF",22,3,0,32,0.4,0,0,0,0,0,0,0,0.00,0.00,0.00,0.00,0.00,0.1,0.1,0.0,0.1,0.40,0.00,0.40,0.40,0.40,Adrián Sahibeddine
372,cg CGO,"FW,MF",22,4,0,30,0.3,0,0,0,0,0,0,0,0.00,0.00,0.00,0.00,0.00,0.0,0.0,0.0,0.0,0.10,0.00,0.10,0.10,0.10,Dylan Bahamboula
373,ch SUI,"DF,FW",29,3,0,25,0.3,0,0,0,0,0,0,0,0.00,0.00,0.00,0.00,0.00,0.0,0.0,0.0,0.0,0.00,0.00,0.00,0.00,0.00,Vincent Rüfli
374,fr FRA,GK,25,0,0,,,,,,,,,,,,,,,,,,,,,,,,Bobby Allain
375,fr FRA,DF,16,0,0,,,,,,,,,,,,,,,,,,,,,,,,Théo Barbet
376,fr FRA,MF,22,0,0,,,,,,,,,,,,,,,,,,,,,,,,Jessy Bénet
377,fr FRA,FW,18,0,0,,,,,,,,,,,,,,,,,,,,,,,,Clément Billemaz
378,fr FRA,MF,19,0,0,,,,,,,,,,,,,,,,,,,,,,,,Corentin Faussot
379,fr FRA,GK,28,0,0,,,,,,,,,,,,,,,,,,,,,,,,Benjamin Leroy
380,fr FRA,FW,19,0,0,,,,,,,,,,,,,,,,,,,,,,,,Samuel Robert
381,sn SEN,"FW,MF",22,0,0,,,,,,,,,,,,,,,,,,,,,,,,Mamadou Thiam
382,fr FRA,GK,30,35,35,"3,112",34.6,0,0,0,0,0,1,1,0.00,0.00,0.00,0.00,0.00,0.0,0.0,0.0,0.0,0.00,0.00,0.00,0.00,0.00,Stéphane Ruffier
383,fr FRA,DF,31,28,28,"2,464",27.4,0,1,0,0,0,3,0,0.00,0.04,0.04,0.00,0.04,1.5,1.5,0.5,2.0,0.05,0.02,0.07,0.05,0.07,Loïc Perrin
384,fr FRA,FW,21,34,27,"2,572",28.6,7,8,3,4,4,1,0,0.24,0.28,0.52,0.10,0.38,9.0,5.8,8.7,14.5,0.31,0.30,0.62,0.20,0.51,Jonathan Bamba
385,fr FRA,"MF,FW",27,26,25,"2,259",25.1,7,6,6,1,3,3,0,0.28,0.24,0.52,0.24,0.48,8.4,6.0,6.0,11.9,0.33,0.24,0.57,0.24,0.48,Rémy Cabella
386,fr FRA,DF,27,25,24,"2,165",24.1,0,0,0,0,0,6,0,0.00,0.00,0.00,0.00,0.00,0.4,0.4,0.3,0.7,0.02,0.01,0.03,0.02,0.03,Kévin Théophile-Catherine
387,br BRA,DF,26,25,23,"2,077",23.1,1,2,1,0,0,2,1,0.04,0.09,0.13,0.04,0.13,0.7,0.7,0.8,1.5,0.03,0.03,0.06,0.03,0.06,Gabriel Silva
388,no NOR,MF,23,26,23,"2,058",22.9,0,2,0,0,0,9,0,0.00,0.09,0.09,0.00,0.09,0.5,0.5,1.3,1.8,0.02,0.06,0.08,0.02,0.08,Ole Selnæs
389,fr FRA,FW,30,29,22,"1,846",20.5,5,3,5,0,0,4,0,0.24,0.15,0.39,0.24,0.39,6.7,6.7,4.8,11.5,0.33,0.24,0.56,0.33,0.56,Romain Hamouma
390,fr FRA,"FW,MF",28,30,21,"1,763",19.6,2,3,2,0,0,0,0,0.10,0.15,0.26,0.10,0.26,3.9,3.9,1.7,5.6,0.20,0.09,0.29,0.20,0.29,Kévin Monnet-Paquet
391,fr FRA,MF,27,17,17,"1,479",16.4,0,0,0,0,0,1,0,0.00,0.00,0.00,0.00,0.00,0.2,0.2,0.1,0.3,0.01,0.01,0.02,0.01,0.02,Yann M'Vila
392,sn SEN,MF,19,25,17,"1,344",14.9,1,0,1,0,0,4,0,0.07,0.00,0.07,0.07,0.07,0.8,0.8,0.6,1.4,0.06,0.04,0.09,0.06,0.09,Assane Dioussé
393,rs SRB,DF,28,16,16,"1,440",16.0,2,1,2,0,0,1,0,0.12,0.06,0.19,0.12,0.19,0.8,0.8,0.9,1.7,0.05,0.05,0.11,0.05,0.11,Neven Subotić
394,gm GAM,DF,21,21,16,"1,422",15.8,0,0,0,0,0,4,0,0.00,0.00,0.00,0.00,0.00,0.1,0.1,0.8,1.0,0.01,0.05,0.06,0.01,0.06,Saidy Janko
395,fr FRA,DF,32,15,15,"1,314",14.6,4,0,4,0,0,1,0,0.27,0.00,0.27,0.27,0.27,2.7,2.7,1.2,3.9,0.18,0.08,0.27,0.18,0.27,Mathieu Debuchy
396,fr FRA,MF,26,20,15,"1,290",14.3,2,2,2,0,0,5,1,0.14,0.14,0.28,0.14,0.28,1.5,1.5,1.8,3.3,0.10,0.13,0.23,0.10,0.23,Vincent Pajot
397,bf BFA,"MF,FW",25,16,15,"1,284",14.3,2,0,1,1,2,10,0,0.14,0.00,0.14,0.07,0.07,2.6,1.0,0.7,1.7,0.19,0.05,0.23,0.07,0.12,Bryan Dabo
398,fr FRA,DF,19,16,13,"1,170",13.0,0,0,0,0,0,2,1,0.00,0.00,0.00,0.00,0.00,0.2,0.2,0.3,0.5,0.02,0.02,0.04,0.02,0.04,Ronaël Pierre-Gabriel
399,si SVN,FW,26,15,12,"1,042",11.6,7,1,6,1,2,0,0,0.60,0.09,0.69,0.52,0.60,6.4,5.0,0.7,5.7,0.55,0.06,0.62,0.43,0.49,Robert Berić
400,fr FRA,FW,24,16,11,931,10.3,0,0,0,0,0,0,0,0.00,0.00,0.00,0.00,0.00,1.6,1.6,0.3,1.8,0.15,0.03,0.18,0.15,0.18,Lois Diony
401,ch SUI,DF,25,11,8,775,8.6,0,0,0,0,0,3,1,0.00,0.00,0.00,0.00,0.00,0.8,0.8,0.1,1.0,0.10,0.01,0.11,0.10,0.11,Léo Lacroix
402,ci CIV,"MF,DF",21,13,7,708,7.9,1,0,1,0,0,2,0,0.13,0.00,0.13,0.13,0.13,0.2,0.2,0.6,0.8,0.03,0.07,0.10,0.03,0.10,Habib Maïga
403,sn SEN,DF,29,7,6,489,5.4,0,0,0,0,0,2,0,0.00,0.00,0.00,0.00,0.00,0.1,0.1,0.3,0.4,0.01,0.06,0.07,0.01,0.07,Cheikh M'Bengue
404,br BRA,"MF,FW",23,14,5,544,6.0,3,0,3,0,0,2,2,0.50,0.00,0.50,0.50,0.50,1.0,1.0,1.9,2.9,0.16,0.31,0.47,0.16,0.47,Hernani
405,cm CMR,"FW,MF",25,13,5,511,5.7,1,0,1,0,0,2,0,0.18,0.00,0.18,0.18,0.18,0.4,0.4,0.3,0.7,0.07,0.05,0.12,0.07,0.12,Paul-Georges Ntep
406,gn GUI,DF,26,5,4,321,3.6,0,0,0,0,0,1,0,0.00,0.00,0.00,0.00,0.00,0.0,0.0,0.2,0.2,0.00,0.05,0.05,0.00,0.05,Florentin Pogba
407,fr FRA,GK,31,4,3,305,3.4,0,0,0,0,0,1,0,0.00,0.00,0.00,0.00,0.00,0.0,0.0,0.0,0.0,0.00,0.00,0.00,0.00,0.00,Jessy Moulin
408,no NOR,FW,29,12,2,363,4.0,0,1,0,0,0,0,1,0.00,0.25,0.25,0.00,0.25,0.6,0.6,0.2,0.8,0.15,0.05,0.20,0.15,0.20,Alexander Søderlund
409,ma MAR,FW,23,6,2,207,2.3,0,1,0,0,0,1,0,0.00,0.43,0.43,0.00,0.43,1.1,1.1,0.6,1.7,0.48,0.28,0.76,0.48,0.76,Oussama Tannane
410,cv CPV,FW,21,4,1,108,1.2,0,0,0,0,0,0,0,0.00,0.00,0.00,0.00,0.00,0.2,0.2,0.1,0.3,0.14,0.09,0.23,0.14,0.23,Vagner Gonçalves
411,fr FRA,MF,19,1,0,12,0.1,0,0,0,0,0,0,0,0.00,0.00,0.00,0.00,0.00,0.0,0.0,0.0,0.0,0.00,0.00,0.00,0.00,0.00,Rayan Souici
412,fr FRA,MF,19,0,0,,,,,,,,,,,,,,,,,,,,,,,,Mahdi Camara
413,ml MLI,DF,22,0,0,,,,,,,,,,,,,,,,,,,,,,,,Benjamin Karamoko
414,gr GRE,DF,19,0,0,,,,,,,,,,,,,,,,,,,,,,,,Alexandros Katranis
415,fr FRA,GK,19,0,0,,,,,,,,,,,,,,,,,,,,,,,,Anthony Maisonnial
416,cv CPV,"FW,MF",17,0,0,,,,,,,,,,,,,,,,,,,,,,,,Kenny Rocha Santos
417,fr FRA,MF,30,35,34,"3,025",33.6,2,6,1,1,1,7,0,0.06,0.18,0.24,0.03,0.21,3.6,2.8,6.2,9.0,0.11,0.18,0.29,0.08,0.27,Thomas Mangani
418,cm CMR,"FW,MF",24,37,33,"3,040",33.8,17,6,14,3,3,4,0,0.50,0.18,0.68,0.41,0.59,17.1,14.7,5.8,20.6,0.51,0.17,0.68,0.44,0.61,Karl Toko Ekambi
419,fr FRA,DF,28,33,33,"2,970",33.0,0,0,0,0,0,0,0,0.00,0.00,0.00,0.00,0.00,0.6,0.6,2.1,2.7,0.02,0.06,0.08,0.02,0.08,Vincent Manceau
420,ci CIV,DF,30,32,32,"2,855",31.7,3,1,3,0,0,2,0,0.09,0.03,0.13,0.09,0.13,1.8,1.8,0.3,2.2,0.06,0.01,0.07,0.06,0.07,Ismaël Traoré
421,fr FRA,MF,22,31,30,"2,591",28.8,0,0,0,0,0,6,0,0.00,0.00,0.00,0.00,0.00,0.6,0.6,0.8,1.3,0.02,0.03,0.05,0.02,0.05,Baptiste Santamaria
422,fr FRA,DF,29,28,28,"2,470",27.4,2,0,2,0,0,5,0,0.07,0.00,0.07,0.07,0.07,1.8,1.8,1.0,2.8,0.07,0.04,0.10,0.07,0.10,Romain Thomas
423,fr FRA,MF,24,31,26,"2,235",24.8,4,3,4,0,0,4,1,0.16,0.12,0.28,0.16,0.28,4.0,4.0,5.3,9.2,0.16,0.21,0.37,0.16,0.37,Flavien Tait
424,fr FRA,DF,28,23,23,"2,070",23.0,1,2,1,0,0,4,0,0.04,0.09,0.13,0.04,0.13,0.1,0.1,1.9,2.0,0.01,0.08,0.09,0.01,0.09,Yoann Andreu
425,fr FRA,MF,30,28,23,"1,884",20.9,2,1,2,0,0,3,0,0.10,0.05,0.14,0.10,0.14,2.6,2.6,2.1,4.7,0.12,0.10,0.23,0.12,0.23,Pierrick Capelle
426,ba BIH,DF,27,24,22,"1,966",21.8,2,0,2,0,0,8,0,0.09,0.00,0.09,0.09,0.09,2.9,2.9,0.1,3.0,0.13,0.01,0.14,0.13,0.14,Mateo Pavlović
427,fr FRA,GK,34,19,19,"1,652",18.4,0,0,0,0,0,0,0,0.00,0.00,0.00,0.00,0.00,0.0,0.0,0.0,0.0,0.00,0.00,0.00,0.00,0.00,Ludovic Butelle
428,ci CIV,DF,27,18,17,"1,533",17.0,0,0,0,0,0,2,0,0.00,0.00,0.00,0.00,0.00,0.1,0.1,0.5,0.6,0.01,0.03,0.04,0.01,0.04,Abdoulaye Bamba
429,fr FRA,MF,20,29,16,"1,529",17.0,3,5,3,0,0,4,0,0.18,0.29,0.47,0.18,0.47,3.1,3.1,3.9,7.0,0.18,0.23,0.41,0.18,0.41,Angelo Fulgini
430,cg CGO,MF,28,14,14,"1,056",11.7,1,0,1,0,0,1,1,0.09,0.00,0.09,0.09,0.09,2.8,2.8,0.4,3.2,0.24,0.04,0.27,0.24,0.27,Prince Oniangué
431,fr FRA,GK,26,13,13,"1,170",13.0,0,0,0,0,0,0,0,0.00,0.00,0.00,0.00,0.00,0.0,0.0,0.0,0.0,0.00,0.00,0.00,0.00,0.00,Alexandre Letellier
432,fr FRA,FW,22,15,12,"1,022",11.4,1,1,1,0,0,6,1,0.09,0.09,0.18,0.09,0.18,2.1,2.1,0.7,2.8,0.19,0.06,0.25,0.19,0.25,Enzo Crivelli
433,ml MLI,MF,21,20,8,838,9.3,1,2,1,0,0,1,0,0.11,0.21,0.32,0.11,0.32,1.0,1.0,1.2,2.1,0.11,0.12,0.23,0.11,0.23,Lassana Coulibaly
434,fr FRA,MF,19,10,7,439,4.9,0,0,0,0,0,0,0,0.00,0.00,0.00,0.00,0.00,0.2,0.2,0.4,0.6,0.04,0.08,0.11,0.04,0.11,Jeff Reine-Adélaïde
435,fr FRA,GK,25,7,6,598,6.6,0,0,0,0,0,0,0,0.00,0.00,0.00,0.00,0.00,0.0,0.0,0.0,0.0,0.00,0.00,0.00,0.00,0.00,Mathieu Michel
436,dz ALG,MF,27,7,6,443,4.9,0,0,0,0,0,3,0,0.00,0.00,0.00,0.00,0.00,0.2,0.2,0.0,0.2,0.04,0.01,0.05,0.04,0.05,Mehdi Tahrat
437,tg TOG,"MF,FW",26,20,5,655,7.3,1,0,1,0,0,4,0,0.14,0.00,0.14,0.14,0.14,1.6,1.6,0.6,2.2,0.22,0.08,0.30,0.22,0.30,Gilles Sunu
438,la LAO,MF,27,13,5,437,4.9,0,0,0,0,0,0,0,0.00,0.00,0.00,0.00,0.00,0.3,0.3,0.4,0.7,0.06,0.09,0.15,0.06,0.15,Billy Ketkeophomphone
439,be BEL,"FW,MF",22,16,3,458,5.1,1,2,1,0,0,3,0,0.20,0.39,0.59,0.20,0.59,1.7,1.7,0.9,2.6,0.33,0.17,0.51,0.33,0.51,Baptiste Guillaume
440,sn SEN,"DF,MF",27,3,2,144,1.6,0,0,0,0,0,0,0,0.00,0.00,0.00,0.00,0.00,0.0,0.0,0.0,0.0,0.02,0.00,0.02,0.02,0.02,Saliou Ciss
441,ci CIV,"FW,MF",19,9,1,175,1.9,0,0,0,0,0,0,0,0.00,0.00,0.00,0.00,0.00,0.1,0.1,0.0,0.1,0.05,0.00,0.05,0.05,0.05,Wilfried Kanga
442,fr FRA,MF,28,8,0,170,1.9,0,0,0,0,0,0,0,0.00,0.00,0.00,0.00,0.00,0.1,0.1,0.3,0.4,0.04,0.15,0.19,0.04,0.19,Loïc Puyo
443,ci CIV,MF,23,7,0,128,1.4,0,1,0,0,0,1,0,0.00,0.70,0.70,0.00,0.70,0.3,0.3,0.7,1.0,0.20,0.50,0.70,0.20,0.70,Thomas Touré
444,fr FRA,"DF,MF",16,0,0,,,,,,,,,,,,,,,,,,,,,,,,Rayan Aït Nouri
445,dz ALG,"FW,MF",25,0,0,,,,,,,,,,,,,,,,,,,,,,,,Youcef Belaïli
446,cg CGO,FW,28,0,0,,,,,,,,,,,,,,,,,,,,,,,,Férébory Doré
447,dz ALG,GK,20,0,0,,,,,,,,,,,,,,,,,,,,,,,,Anthony Mandrea
448,fr FRA,DF,19,0,0,,,,,,,,,,,,,,,,,,,,,,,,Maxime Sivis
449,fr FRA,FW,24,35,34,"3,041",33.8,16,5,15,1,2,6,0,0.47,0.15,0.62,0.44,0.59,13.9,12.3,3.0,15.3,0.41,0.09,0.50,0.36,0.45,Alassane Pléa
450,br BRA,DF,33,33,33,"2,919",32.4,1,0,1,0,0,10,1,0.03,0.00,0.03,0.03,0.03,2.4,2.4,0.8,3.2,0.07,0.03,0.10,0.07,0.10,Dante
451,fr FRA,"MF,FW",24,34,33,"2,890",32.1,5,6,4,1,1,6,1,0.16,0.19,0.34,0.12,0.31,4.4,3.6,5.4,8.9,0.14,0.17,0.30,0.11,0.28,Pierre Lees-Melou
452,ci CIV,MF,26,31,30,"2,615",29.1,2,6,2,0,0,5,0,0.07,0.21,0.28,0.07,0.28,1.9,1.9,4.9,6.8,0.06,0.17,0.23,0.06,0.23,Jean Seri
453,fr FRA,DF,27,29,29,"2,534",28.2,0,3,0,0,0,4,0,0.00,0.11,0.11,0.00,0.11,0.7,0.7,0.6,1.3,0.02,0.02,0.05,0.02,0.05,Maxime Le Marchand
454,ar ARG,GK,24,28,28,"2,520",28.0,0,0,0,0,0,3,0,0.00,0.00,0.00,0.00,0.00,0.0,0.0,0.0,0.0,0.00,0.00,0.00,0.00,0.00,Walter Benítez
455,fr FRA,DF,25,29,27,"2,415",26.8,0,2,0,0,0,4,0,0.00,0.07,0.07,0.00,0.07,0.3,0.3,1.7,2.0,0.01,0.06,0.07,0.01,0.07,Arnaud Souquet
456,it ITA,FW,26,28,26,"2,269",25.2,18,1,12,6,7,10,1,0.71,0.04,0.75,0.48,0.52,15.3,9.8,3.1,12.9,0.61,0.12,0.73,0.39,0.51,Mario Balotelli
457,fr FRA,"FW,MF",20,30,26,"2,246",25.0,3,7,3,0,0,1,0,0.12,0.28,0.40,0.12,0.40,3.9,3.9,4.9,8.8,0.16,0.19,0.35,0.16,0.35,Allan Saint-Maximin
458,br BRA,DF,21,23,22,"1,929",21.4,0,0,0,0,0,5,1,0.00,0.00,0.00,0.00,0.00,0.7,0.7,0.2,1.0,0.03,0.01,0.05,0.03,0.05,Marlon
459,cm CMR,MF,23,26,19,"1,681",18.7,0,1,0,0,0,3,0,0.00,0.05,0.05,0.00,0.05,0.3,0.3,0.9,1.2,0.01,0.05,0.07,0.01,0.07,Adrien Tameze
460,fr FRA,DF,18,21,13,"1,322",14.7,0,0,0,0,0,1,0,0.00,0.00,0.00,0.00,0.00,0.8,0.8,0.4,1.2,0.05,0.03,0.08,0.05,0.08,Malang Sarr
461,fr FRA,DF,33,15,13,"1,174",13.0,0,0,0,0,0,4,0,0.00,0.00,0.00,0.00,0.00,0.2,0.2,0.7,0.9,0.02,0.05,0.07,0.02,0.07,Christophe Jallet
462,sn SEN,MF,25,14,11,965,10.7,0,1,0,0,0,2,0,0.00,0.09,0.09,0.00,0.09,0.0,0.0,0.1,0.1,0.00,0.01,0.01,0.00,0.01,Nampalys Mendy
463,fr FRA,MF,22,16,10,951,10.6,2,2,2,0,0,2,0,0.19,0.19,0.38,0.19,0.38,1.2,1.2,1.7,2.8,0.11,0.16,0.27,0.11,0.27,Wylan Cyprien
464,fr FRA,GK,23,10,10,900,10.0,0,0,0,0,0,2,0,0.00,0.00,0.00,0.00,0.00,0.0,0.0,0.0,0.0,0.00,0.00,0.00,0.00,0.00,Yoan Cardinale
465,mq MTQ,DF,21,13,10,897,10.0,0,0,0,0,0,2,0,0.00,0.00,0.00,0.00,0.00,0.1,0.1,0.5,0.6,0.01,0.05,0.06,0.01,0.06,Patrick Burner
466,tn TUN,"FW,MF",20,26,10,870,9.7,3,0,3,0,0,1,0,0.31,0.00,0.31,0.31,0.31,2.3,2.3,0.8,3.2,0.24,0.09,0.33,0.24,0.33,Bassem Srarfi
467,fr FRA,MF,21,15,10,807,9.0,0,0,0,0,0,3,0,0.00,0.00,0.00,0.00,0.00,0.2,0.2,0.3,0.5,0.02,0.03,0.06,0.02,0.06,Vincent Koziello
468,sn SEN,DF,21,7,7,617,6.9,0,0,0,0,0,3,0,0.00,0.00,0.00,0.00,0.00,0.1,0.1,0.1,0.1,0.01,0.01,0.02,0.01,0.02,Racine Coly
469,fr FRA,"MF,FW",22,8,6,491,5.5,1,0,1,0,0,0,0,0.18,0.00,0.18,0.18,0.18,0.3,0.3,0.1,0.4,0.05,0.03,0.07,0.05,0.07,Rémi Walter
470,nl NED,"MF,FW",33,5,4,399,4.4,0,0,0,0,0,0,0,0.00,0.00,0.00,0.00,0.00,0.7,0.7,0.8,1.5,0.15,0.19,0.34,0.15,0.34,Wesley Sneijder
471,fr FRA,"FW,MF",20,8,3,257,2.9,0,1,0,0,0,1,0,0.00,0.35,0.35,0.00,0.35,0.0,0.0,0.6,0.6,0.00,0.21,0.21,0.00,0.21,Ihsan Sacko
472,fr FRA,"FW,MF",19,5,2,246,2.7,0,0,0,0,0,1,0,0.00,0.00,0.00,0.00,0.00,0.1,0.1,0.0,0.1,0.02,0.00,0.02,0.02,0.02,Jean-Victor Makengo
473,cd COD,MF,20,4,1,162,1.8,0,0,0,0,0,0,0,0.00,0.00,0.00,0.00,0.00,0.0,0.0,0.1,0.1,0.00,0.06,0.06,0.00,0.06,Arnaud Lusamba
474,fr FRA,FW,25,1,1,90,1.0,0,0,0,0,0,0,0,0.00,0.00,0.00,0.00,0.00,0.1,0.1,0.2,0.2,0.05,0.16,0.21,0.05,0.21,Valentin Eysseric
475,fr FRA,"FW,MF",27,7,0,107,1.2,0,0,0,0,0,0,0,0.00,0.00,0.00,0.00,0.00,0.1,0.1,0.2,0.2,0.05,0.15,0.20,0.05,0.20,Mickaël Le Bihan
476,cm CMR,"FW,MF",18,6,0,69,0.8,1,0,1,0,0,1,0,1.30,0.00,1.30,1.30,1.30,0.9,0.6,0.0,0.7,1.19,0.04,1.23,0.84,0.88,Ignatius Ganago
477,fr FRA,"MF,FW",18,3,0,55,0.6,0,0,0,0,0,0,0,0.00,0.00,0.00,0.00,0.00,0.0,0.0,0.0,0.0,0.07,0.00,0.07,0.07,0.07,Hicham Mahou
478,fr FRA,"MF,FW",20,2,0,48,0.5,0,0,0,0,0,0,0,0.00,0.00,0.00,0.00,0.00,0.0,0.0,0.0,0.0,0.00,0.00,0.00,0.00,0.00,Vincent Marcel
479,fr FRA,FW,19,1,0,1,0.0,0,0,0,0,0,0,0,0.00,0.00,0.00,0.00,0.00,0.0,0.0,0.0,0.0,0.00,0.00,0.00,0.00,0.00,Romain Perraud
480,fr FRA,DF,19,0,0,,,,,,,,,,,,,,,,,,,,,,,,Olivier Boscagli
481,mq MTQ,GK,20,0,0,,,,,,,,,,,,,,,,,,,,,,,,Yannis Clementia
482,br BRA,"DF,MF",23,0,0,,,,,,,,,,,,,,,,,,,,,,,,Dalbert Henrique
483,fr FRA,DF,22,0,0,,,,,,,,,,,,,,,,,,,,,,,,Gautier Lloris
484,fr FRA,DF,17,0,0,,,,,,,,,,,,,,,,,,,,,,,,Andy Pelmard
485,pt POR,DF,23,35,35,"3,146",35.0,1,0,1,0,0,6,0,0.03,0.00,0.03,0.03,0.03,0.9,0.9,0.5,1.3,0.02,0.01,0.04,0.02,0.04,Edgar Ié
486,fr FRA,GK,22,34,34,"3,032",33.7,0,0,0,0,0,0,1,0.00,0.00,0.00,0.00,0.00,0.0,0.0,0.0,0.0,0.00,0.00,0.00,0.00,0.00,Mike Maignan
487,ci CIV,"FW,MF",22,36,31,"2,841",31.6,13,4,12,1,1,5,0,0.41,0.13,0.54,0.38,0.51,8.2,7.4,3.9,11.3,0.26,0.12,0.38,0.23,0.36,Nicolas Pépé
488,py PAR,DF,24,34,30,"2,781",30.9,2,1,2,0,0,3,0,0.06,0.03,0.10,0.06,0.10,1.1,1.1,0.5,1.7,0.04,0.02,0.05,0.04,0.05,Júnior Alonso
489,fr FRA,"MF,DF",24,30,30,"2,405",26.7,0,0,0,0,0,3,1,0.00,0.00,0.00,0.00,0.00,0.9,0.9,0.4,1.3,0.03,0.01,0.05,0.03,0.05,Ibrahim Amadou
490,dz ALG,"MF,FW",22,31,30,"2,288",25.4,1,5,1,0,0,7,0,0.04,0.20,0.24,0.04,0.24,1.5,1.5,5.5,6.9,0.06,0.22,0.27,0.06,0.27,Yassine Benzia
491,br BRA,"MF,DF",20,34,28,"2,463",27.4,0,0,0,0,0,3,1,0.00,0.00,0.00,0.00,0.00,0.6,0.6,0.4,1.0,0.02,0.02,0.04,0.02,0.04,Thiago Maia
492,br BRA,MF,25,31,27,"2,294",25.5,3,4,3,0,0,4,1,0.12,0.16,0.27,0.12,0.27,2.5,2.5,2.8,5.2,0.10,0.11,0.21,0.10,0.21,Thiago Mendes
493,sn SEN,DF,20,27,25,"2,055",22.8,0,0,0,0,0,5,1,0.00,0.00,0.00,0.00,0.00,0.1,0.1,0.7,0.8,0.01,0.03,0.04,0.01,0.04,Fodé Ballo-Touré
494,br BRA,"FW,MF",21,34,24,"2,018",22.4,5,3,5,0,0,5,0,0.22,0.13,0.36,0.22,0.36,5.2,5.2,1.5,6.6,0.23,0.07,0.29,0.23,0.29,Luiz Araújo
495,ma MAR,DF,26,23,21,"1,817",20.2,0,6,0,0,0,2,0,0.00,0.30,0.30,0.00,0.30,0.4,0.4,3.5,3.8,0.02,0.17,0.19,0.02,0.19,Kévin Malcuit
496,nl NED,"FW,MF",22,27,19,"1,648",18.3,4,4,4,0,0,2,0,0.22,0.22,0.44,0.22,0.44,3.9,3.9,3.1,7.0,0.21,0.17,0.38,0.21,0.38,Anwar El Ghazi
497,ml MLI,"MF,DF",20,24,15,"1,561",17.3,2,1,2,0,0,3,0,0.12,0.06,0.17,0.12,0.17,2.1,2.1,0.7,2.8,0.12,0.04,0.16,0.12,0.16,Yves Bissouma
498,fr FRA,DF,25,14,14,"1,192",13.2,0,0,0,0,0,2,0,0.00,0.00,0.00,0.00,0.00,0.1,0.1,0.1,0.2,0.01,0.01,0.01,0.01,0.01,Adama Soumaoro
499,za RSA,FW,21,14,14,"1,184",13.2,5,0,5,0,0,1,0,0.38,0.00,0.38,0.38,0.38,3.9,3.9,0.9,4.8,0.30,0.07,0.37,0.30,0.37,Lebo Mothiba
500,ci CIV,DF,20,12,10,944,10.5,0,0,0,0,0,1,0,0.00,0.00,0.00,0.00,0.00,0.0,0.0,0.1,0.1,0.00,0.01,0.01,0.00,0.01,Kouadio-Yves Dabila
501,ma MAR,"DF,MF",19,12,9,851,9.5,0,0,0,0,0,2,1,0.00,0.00,0.00,0.00,0.00,0.1,0.1,0.9,1.0,0.01,0.10,0.10,0.01,0.10,Hamza Mendyl
502,ar ARG,FW,20,28,8,"1,097",12.2,2,1,2,0,0,2,0,0.16,0.08,0.25,0.16,0.25,2.9,2.9,1.9,4.8,0.24,0.15,0.39,0.24,0.39,Ezequiel Ponce
503,bf BFA,GK,20,4,4,360,4.0,0,0,0,0,0,0,0,0.00,0.00,0.00,0.00,0.00,0.0,0.0,0.0,0.0,0.00,0.00,0.00,0.00,0.00,Hervé Koffi
504,fr FRA,MF,18,14,3,511,5.7,0,0,0,0,0,1,0,0.00,0.00,0.00,0.00,0.00,0.0,0.0,0.1,0.1,0.00,0.03,0.03,0.00,0.03,Boubakary Soumaré
505,fr FRA,"FW,MF",26,4,3,285,3.2,2,0,1,1,1,0,0,0.63,0.00,0.63,0.32,0.32,1.8,1.0,0.2,1.2,0.58,0.06,0.64,0.33,0.39,Nicolas de Préville
506,fr FRA,"MF,FW",22,11,2,307,3.4,1,0,1,0,0,2,0,0.29,0.00,0.29,0.29,0.29,0.2,0.2,0.7,0.9,0.07,0.21,0.28,0.07,0.28,Farès Bahlouli
507,ml MLI,"DF,MF",20,6,1,201,2.2,0,1,0,0,0,0,0,0.00,0.45,0.45,0.00,0.45,0.0,0.0,0.5,0.5,0.00,0.21,0.21,0.00,0.21,Rominigue Kouamé
508,ma MAR,"MF,DF",18,7,1,162,1.8,0,1,0,0,0,0,0,0.00,0.56,0.56,0.00,0.56,0.2,0.2,1.0,1.2,0.12,0.55,0.68,0.12,0.68,Imad Faraj
509,pt POR,MF,22,1,0,15,0.2,0,0,0,0,0,0,0,0.00,0.00,0.00,0.00,0.00,0.0,0.0,0.0,0.0,0.00,0.00,0.00,0.00,0.00,Xeka
510,fr FRA,DF,19,0,0,,,,,,,,,,,,,,,,,,,,,,,,Ruben Droehnle
511,sk SVK,GK,20,0,0,,,,,,,,,,,,,,,,,,,,,,,,Adam Jakubech
512,fr FRA,MF,20,0,0,,,,,,,,,,,,,,,,,,,,,,,,Valère Pollet
513,fr FRA,DF,19,0,0,,,,,,,,,,,,,,,,,,,,,,,,Scotty Sadzoute
514,fr FRA,DF,18,0,0,,,,,,,,,,,,,,,,,,,,,,,,Benjamin Vérité
515,fr FRA,MF,32,38,38,"3,298",36.6,1,3,1,0,0,6,0,0.03,0.08,0.11,0.03,0.11,1.3,1.3,3.5,4.9,0.04,0.10,0.13,0.04,0.13,Renaud Cohade
516,fr FRA,DF,21,35,34,"3,105",34.5,0,1,0,0,0,8,0,0.00,0.03,0.03,0.00,0.03,1.5,1.5,0.2,1.7,0.04,0.01,0.05,0.04,0.05,Moussa Niakhate
517,fr FRA,"FW,MF",29,35,33,"2,834",31.5,15,1,15,0,1,8,0,0.48,0.03,0.51,0.48,0.51,9.0,8.2,1.9,10.1,0.29,0.06,0.35,0.26,0.32,Nolan Roux
518,tg TOG,"FW,MF",29,30,30,"2,509",27.9,1,11,1,0,0,2,0,0.04,0.39,0.43,0.04,0.43,2.3,2.3,11.1,13.4,0.08,0.40,0.48,0.08,0.48,Mathieu Dossevi
519,jp JPN,GK,34,29,29,"2,569",28.5,0,0,0,0,0,0,1,0.00,0.00,0.00,0.00,0.00,0.0,0.0,0.0,0.0,0.00,0.00,0.00,0.00,0.00,Eiji Kawashima
520,sn SEN,"DF,MF",27,29,26,"2,238",24.9,1,1,1,0,0,8,2,0.04,0.04,0.08,0.04,0.08,0.8,0.8,0.4,1.1,0.03,0.01,0.05,0.03,0.05,Fallou Diagne
521,mq MTQ,DF,28,26,24,"2,064",22.9,0,0,0,0,0,6,0,0.00,0.00,0.00,0.00,0.00,0.2,0.2,0.4,0.7,0.01,0.02,0.03,0.01,0.03,Jonathan Rivierez
522,fr FRA,FW,27,28,23,"2,009",22.3,5,2,3,2,2,1,0,0.22,0.09,0.31,0.13,0.22,10.9,9.4,2.0,11.4,0.49,0.09,0.58,0.42,0.51,Emmanuel Rivière
523,al ALB,DF,25,25,22,"1,951",21.7,0,1,0,0,0,6,0,0.00,0.05,0.05,0.00,0.05,0.2,0.2,1.0,1.1,0.01,0.04,0.05,0.01,0.05,Iván Balliu
524,ar ARG,MF,24,25,17,"1,656",18.4,0,0,0,0,0,1,0,0.00,0.00,0.00,0.00,0.00,0.5,0.5,0.3,0.9,0.03,0.02,0.05,0.03,0.05,Gerónimo Poblete
525,fr FRA,"MF,FW",25,22,16,"1,412",15.7,7,1,6,1,1,5,0,0.45,0.06,0.51,0.38,0.45,4.3,3.6,1.3,4.9,0.28,0.08,0.36,0.23,0.31,Florent Mollet
526,fr FRA,DF,30,15,13,"1,127",12.5,0,0,0,0,0,4,1,0.00,0.00,0.00,0.00,0.00,0.2,0.2,0.6,0.8,0.01,0.05,0.06,0.01,0.06,Julian Palmieri
527,cm CMR,DF,33,13,13,"1,051",11.7,0,0,0,0,0,2,2,0.00,0.00,0.00,0.00,0.00,0.1,0.1,0.5,0.5,0.00,0.04,0.05,0.00,0.05,Benoît Assou-Ekotto
528,lu LUX,DF,20,13,12,"1,056",11.7,0,0,0,0,0,4,1,0.00,0.00,0.00,0.00,0.00,0.1,0.1,0.0,0.1,0.01,0.00,0.01,0.01,0.01,Vahid Selimović
529,sn SEN,"FW,MF",23,17,11,"1,022",11.4,0,0,0,0,0,3,0,0.00,0.00,0.00,0.00,0.00,3.9,3.9,1.2,5.1,0.34,0.11,0.45,0.34,0.45,Opa Nguette
530,cm CMR,"MF,DF",28,14,11,968,10.8,0,1,0,0,0,5,0,0.00,0.09,0.09,0.00,0.09,0.4,0.4,0.2,0.7,0.04,0.02,0.06,0.04,0.06,Georges Mandjeck
531,lu LUX,"MF,DF",23,11,10,849,9.4,0,0,0,0,0,4,0,0.00,0.00,0.00,0.00,0.00,0.2,0.2,0.4,0.5,0.02,0.04,0.06,0.02,0.06,Chris Philipps
532,rs SRB,DF,33,10,10,710,7.9,0,0,0,0,0,1,0,0.00,0.00,0.00,0.00,0.00,0.4,0.4,0.1,0.5,0.05,0.01,0.06,0.05,0.06,Milan Biševac
533,fr FRA,GK,21,9,9,810,9.0,0,0,0,0,0,0,0,0.00,0.00,0.00,0.00,0.00,0.0,0.0,0.0,0.0,0.00,0.00,0.00,0.00,0.00,Thomas Didillon
534,ba BIH,"MF,FW",31,12,8,712,7.9,0,3,0,0,0,0,0,0.00,0.38,0.38,0.00,0.38,0.6,0.6,1.9,2.5,0.08,0.24,0.32,0.08,0.32,Danijel Milićević
535,pt POR,MF,24,10,8,680,7.6,0,0,0,0,0,2,0,0.00,0.00,0.00,0.00,0.00,0.3,0.3,0.2,0.5,0.04,0.02,0.07,0.04,0.07,Cafú
536,sn SEN,"FW,MF",18,30,6,849,9.4,2,1,2,0,0,1,0,0.21,0.11,0.32,0.21,0.32,2.8,2.8,1.1,3.9,0.30,0.11,0.41,0.30,0.41,Ibrahima Niane
537,fr FRA,DF,21,6,3,354,3.9,0,0,0,0,0,0,0,0.00,0.00,0.00,0.00,0.00,0.0,0.0,0.0,0.0,0.01,0.00,0.01,0.01,0.01,Matthieu Udol
538,fr FRA,DF,19,5,3,313,3.5,1,0,1,0,0,1,0,0.29,0.00,0.29,0.29,0.29,0.1,0.1,0.1,0.2,0.03,0.03,0.07,0.03,0.07,Nicolas Basin
539,fr FRA,"FW,MF",33,4,3,275,3.1,0,0,0,0,0,0,0,0.00,0.00,0.00,0.00,0.00,0.1,0.1,0.5,0.5,0.02,0.15,0.17,0.02,0.17,Yann Jouffre
540,gm GAM,FW,18,2,2,129,1.4,0,0,0,0,0,0,0,0.00,0.00,0.00,0.00,0.00,0.1,0.1,0.9,1.0,0.04,0.63,0.67,0.04,0.67,Ablie Jallow
541,fr FRA,DF,18,3,1,142,1.6,0,0,0,0,0,0,0,0.00,0.00,0.00,0.00,0.00,0.0,0.0,0.0,0.1,0.02,0.02,0.04,0.02,0.04,Dylan Lempereur
542,gn GUI,DF,25,1,1,90,1.0,0,0,0,0,0,0,0,0.00,0.00,0.00,0.00,0.00,0.0,0.0,0.0,0.0,0.00,0.00,0.00,0.00,0.00,Simon Falette
543,sn SEN,DF,20,2,1,85,0.9,0,0,0,0,0,0,0,0.00,0.00,0.00,0.00,0.00,0.0,0.0,0.0,0.0,0.00,0.00,0.00,0.00,0.00,Lemouya Goudiaby
544,fr FRA,FW,20,3,1,82,0.9,0,0,0,0,0,0,0,0.00,0.00,0.00,0.00,0.00,0.0,0.0,0.0,0.1,0.04,0.03,0.07,0.04,0.07,Gauthier Hein
545,dz ALG,"MF,FW",24,7,0,179,2.0,0,1,0,0,0,0,0,0.00,0.50,0.50,0.00,0.50,0.1,0.1,0.1,0.2,0.04,0.06,0.10,0.04,0.10,Farid Boulaya
546,ar ARG,FW,22,7,0,128,1.4,0,0,0,0,0,0,0,0.00,0.00,0.00,0.00,0.00,0.3,0.3,0.1,0.5,0.23,0.10,0.32,0.23,0.32,Brian Fernández
547,fr FRA,GK,23,1,0,39,0.4,0,0,0,0,0,0,0,0.00,0.00,0.00,0.00,0.00,0.0,0.0,0.0,0.0,0.00,0.00,0.00,0.00,0.00,Quentin Beunardeau
548,lu LUX,MF,17,1,0,27,0.3,0,0,0,0,0,0,0,0.00,0.00,0.00,0.00,0.00,0.0,0.0,0.0,0.0,0.00,0.00,0.00,0.00,0.00,Vincent Thill
549,sn SEN,"FW,MF",22,1,0,15,0.2,0,0,0,0,0,0,0,0.00,0.00,0.00,0.00,0.00,0.0,0.0,0.0,0.0,0.00,0.00,0.00,0.00,0.00,Habib Diallo
550,fr FRA,FW,19,1,0,15,0.2,0,0,0,0,0,0,0,0.00,0.00,0.00,0.00,0.00,0.0,0.0,0.0,0.0,0.00,0.00,0.00,0.00,0.00,Lilian Fournier
551,fr FRA,DF,20,0,0,,,,,,,,,,,,,,,,,,,,,,,,Théodore Efouba
552,fr FRA,DF,18,0,0,,,,,,,,,,,,,,,,,,,,,,,,Bilal Hadraoui
553,fr FRA,MF,19,0,0,,,,,,,,,,,,,,,,,,,,,,,,Youssef Maziz
554,fr FRA,DF,19,0,0,,,,,,,,,,,,,,,,,,,,,,,,Vincent Peugnet
555,de GER,DF,28,0,0,,,,,,,,,,,,,,,,,,,,,,,,Philipp Wollscheid
556,fr FRA,GK,26,38,38,"3,420",38.0,0,0,0,0,0,1,0,0.00,0.00,0.00,0.00,0.00,0.0,0.0,0.2,0.2,0.00,0.00,0.00,0.00,0.00,Benjamin Lecomte
557,tn TUN,MF,22,35,35,"3,049",33.9,4,1,4,0,0,8,0,0.12,0.03,0.15,0.12,0.15,2.3,2.3,1.4,3.7,0.07,0.04,0.11,0.07,0.11,Ellyes Skhiri
558,fr FRA,MF,28,37,34,"3,062",34.0,1,2,1,0,0,10,0,0.03,0.06,0.09,0.03,0.09,1.4,1.4,2.5,3.9,0.04,0.07,0.11,0.04,0.11,Paul Lasne
559,pt POR,DF,26,34,32,"2,855",31.7,1,1,1,0,0,11,0,0.03,0.03,0.06,0.03,0.06,0.6,0.6,0.5,1.2,0.02,0.02,0.04,0.02,0.04,Pedro Mendes
560,fr FRA,DF,19,33,31,"2,791",31.0,0,1,0,0,0,5,0,0.00,0.03,0.03,0.00,0.03,1.2,1.2,2.7,3.9,0.04,0.09,0.13,0.04,0.13,Nordi Mukiele
561,fr FRA,DF,32,32,29,"2,635",29.3,1,0,1,0,0,4,0,0.03,0.00,0.03,0.03,0.03,1.1,1.1,0.2,1.3,0.04,0.01,0.04,0.04,0.04,Daniel Congré
562,fr FRA,DF,24,31,27,"2,459",27.3,0,2,0,0,0,2,0,0.00,0.07,0.07,0.00,0.07,0.7,0.7,3.7,4.4,0.03,0.13,0.16,0.03,0.16,Ruben Aguilar
563,br BRA,DF,39,27,27,"2,430",27.0,0,0,0,0,0,5,0,0.00,0.00,0.00,0.00,0.00,1.4,1.4,0.6,2.0,0.05,0.02,0.07,0.05,0.07,Vitorino Hilton
564,ci CIV,FW,28,33,27,"2,193",24.4,10,3,10,0,1,5,1,0.41,0.12,0.53,0.41,0.53,12.4,11.6,2.9,14.5,0.51,0.12,0.63,0.48,0.60,Giovanni Sio
565,be BEL,"FW,MF",21,38,22,"2,096",23.3,8,0,8,0,0,4,0,0.34,0.00,0.34,0.34,0.34,7.0,7.0,1.6,8.7,0.30,0.07,0.37,0.30,0.37,Isaac Mbenza
566,fr FRA,DF,24,22,22,"1,880",20.9,3,3,3,0,0,2,0,0.14,0.14,0.29,0.14,0.29,1.7,1.7,3.8,5.5,0.08,0.18,0.26,0.08,0.26,Jérôme Roussillon
567,fr FRA,MF,20,28,16,"1,543",17.1,1,4,1,0,0,3,0,0.06,0.23,0.29,0.06,0.29,1.9,1.9,3.4,5.3,0.11,0.20,0.31,0.11,0.31,Junior Sambia
568,td CHA,"FW,MF",24,29,13,"1,283",14.3,1,1,1,0,0,1,0,0.07,0.07,0.14,0.07,0.14,2.7,2.7,1.2,3.9,0.19,0.09,0.28,0.19,0.28,Casimir Ninga
569,fr FRA,"MF,FW",19,18,12,998,11.1,1,1,1,0,0,0,0,0.09,0.09,0.18,0.09,0.18,0.9,0.9,1.4,2.3,0.08,0.12,0.21,0.08,0.21,Jonathan Ikone
570,bj BEN,"MF,FW",33,16,11,985,10.9,1,2,1,0,0,1,0,0.09,0.18,0.27,0.09,0.27,1.1,1.1,1.0,2.1,0.10,0.10,0.20,0.10,0.20,Stéphane Sessègnon
571,za RSA,"MF,FW",24,17,9,881,9.8,1,2,1,0,0,1,0,0.10,0.20,0.31,0.10,0.31,1.7,1.7,1.6,3.3,0.17,0.16,0.33,0.17,0.33,Keagan Dolly
572,sn SEN,FW,34,24,8,934,10.4,2,2,2,0,1,1,0,0.19,0.19,0.39,0.19,0.39,3.3,2.5,0.9,3.4,0.32,0.09,0.40,0.24,0.33,Souleymane Camara
573,uy URU,MF,27,15,8,807,9.0,0,0,0,0,0,4,0,0.00,0.00,0.00,0.00,0.00,0.6,0.6,0.1,0.6,0.06,0.01,0.07,0.06,0.07,Facundo Píriz
574,fr FRA,"DF,MF",18,9,7,578,6.4,1,1,1,0,0,2,0,0.16,0.16,0.31,0.16,0.31,0.2,0.2,0.1,0.3,0.03,0.01,0.05,0.03,0.05,Nicolas Cozza
575,fr FRA,"FW,MF",29,5,4,271,3.0,0,2,0,0,0,0,0,0.00,0.66,0.66,0.00,0.66,1.0,1.0,1.1,2.1,0.32,0.37,0.70,0.32,0.70,Kévin Bérigaud
576,cm CMR,DF,26,3,3,201,2.2,0,0,0,0,0,0,0,0.00,0.00,0.00,0.00,0.00,0.0,0.0,0.1,0.1,0.02,0.04,0.05,0.02,0.05,Ambroise Oyongo
577,cg CGO,DF,20,3,2,171,1.9,0,0,0,0,0,1,0,0.00,0.00,0.00,0.00,0.00,0.0,0.0,0.1,0.1,0.00,0.04,0.04,0.00,0.04,Morgan Poaty
578,fr FRA,DF,19,1,1,89,1.0,0,0,0,0,0,1,0,0.00,0.00,0.00,0.00,0.00,0.0,0.0,0.1,0.1,0.03,0.11,0.13,0.03,0.13,Jérémie Porsan-Clémenté
579,fr FRA,FW,18,0,0,,,,,,,,,,,,,,,,,,,,,,,,Yanis Ammour
580,fr FRA,GK,19,0,0,,,,,,,,,,,,,,,,,,,,,,,,Dimitry Bertaud
581,fr FRA,MF,18,0,0,,,,,,,,,,,,,,,,,,,,,,,,Romain Caumet
582,cg CGO,"DF,MF",19,0,0,,,,,,,,,,,,,,,,,,,,,,,,Bryan Passi
583,fr FRA,GK,35,0,0,,,,,,,,,,,,,,,,,,,,,,,,Laurent Pionnier
584,cz CZE,DF,24,0,0,,,,,,,,,,,,,,,,,,,,,,,,Lukáš Pokorný
585,fr FRA,MF,20,0,0,,,,,,,,,,,,,,,,,,,,,,,,Killian Sanson
586,se SWE,GK,27,38,38,"3,420",38.0,0,0,0,0,0,0,0,0.00,0.00,0.00,0.00,0.00,0.0,0.0,0.1,0.1,0.00,0.00,0.00,0.00,0.00,Karl-Johan Johnsson
587,fr FRA,DF,30,37,37,"3,320",36.9,1,0,1,0,0,4,0,0.03,0.00,0.03,0.03,0.03,0.4,0.4,0.1,0.5,0.01,0.00,0.01,0.01,0.01,Christophe Kerbrat
588,fr FRA,FW,31,37,36,"3,209",35.7,11,2,8,3,4,4,0,0.31,0.06,0.36,0.22,0.28,10.5,7.3,2.4,9.7,0.29,0.07,0.36,0.21,0.27,Jimmy Briand
589,fr FRA,DF,33,29,29,"2,610",29.0,0,0,0,0,0,1,0,0.00,0.00,0.00,0.00,0.00,0.5,0.5,0.6,1.1,0.02,0.02,0.04,0.02,0.04,Jérémy Sorbon
590,cd COD,DF,23,28,26,"2,420",26.9,0,2,0,0,0,6,0,0.00,0.07,0.07,0.00,0.07,1.0,1.0,1.7,2.6,0.04,0.06,0.10,0.04,0.10,Jordan Ikoko
591,fr FRA,MF,28,26,24,"1,943",21.6,2,1,2,0,0,7,1,0.09,0.05,0.14,0.09,0.14,2.2,2.2,1.6,3.8,0.10,0.08,0.18,0.10,0.18,Lucas Deaux
592,fr FRA,MF,34,23,21,"1,621",18.0,2,1,2,0,0,4,0,0.11,0.06,0.17,0.11,0.17,0.7,0.7,1.2,1.9,0.04,0.07,0.11,0.04,0.11,Étienne Didot
593,fr FRA,FW,19,32,20,"1,929",21.4,3,1,3,0,0,2,0,0.14,0.05,0.19,0.14,0.19,5.7,5.7,2.4,8.1,0.26,0.11,0.38,0.26,0.38,Marcus Thuram
594,pt POR,DF,22,21,19,"1,721",19.1,0,2,0,0,0,4,0,0.00,0.10,0.10,0.00,0.10,0.1,0.1,1.0,1.2,0.01,0.05,0.06,0.01,0.06,Pedro Rebocho
595,fr FRA,"FW,MF",26,22,19,"1,521",16.9,3,3,3,0,0,4,0,0.18,0.18,0.36,0.18,0.36,3.7,3.7,3.7,7.4,0.22,0.22,0.44,0.22,0.44,Yannis Salibur
596,fr FRA,"FW,MF",26,29,18,"1,648",18.3,3,3,3,0,0,2,0,0.16,0.16,0.33,0.16,0.33,2.5,2.5,3.3,5.8,0.14,0.18,0.32,0.14,0.32,Nicolas Benezet
597,fr FRA,MF,19,31,17,"1,793",19.9,3,2,3,0,0,3,1,0.15,0.10,0.25,0.15,0.25,3.6,3.6,1.5,5.0,0.18,0.07,0.25,0.18,0.25,Ludovic Blas
598,fr FRA,"FW,MF",21,29,17,"1,587",17.6,2,2,2,0,0,5,0,0.11,0.11,0.23,0.11,0.23,2.3,2.3,2.2,4.5,0.13,0.13,0.26,0.13,0.26,Marcus Coco
599,cm CMR,DF,20,23,16,"1,524",16.9,1,0,1,0,0,2,0,0.06,0.00,0.06,0.06,0.06,0.9,0.9,0.5,1.4,0.05,0.03,0.09,0.05,0.09,Félix Eboa Eboa
600,sn SEN,MF,31,26,16,"1,384",15.4,5,0,5,0,0,6,0,0.33,0.00,0.33,0.33,0.33,4.4,4.4,0.3,4.7,0.28,0.02,0.31,0.28,0.31,Mustapha Diallo
601,fr FRA,MF,26,15,14,"1,208",13.4,5,4,3,2,2,2,0,0.37,0.30,0.67,0.22,0.52,3.7,2.1,3.9,6.0,0.28,0.29,0.57,0.16,0.45,Clément Grenier
602,fr FRA,DF,31,14,14,"1,135",12.6,0,0,0,0,0,2,0,0.00,0.00,0.00,0.00,0.00,0.3,0.3,1.3,1.6,0.03,0.10,0.13,0.03,0.13,Jonathan Martins Pereira
603,fr FRA,DF,28,15,12,"1,048",11.6,0,2,0,0,0,5,0,0.00,0.17,0.17,0.00,0.17,0.1,0.1,1.2,1.3,0.01,0.11,0.11,0.01,0.11,Franck Tabanou
604,gn GUI,"FW,MF",27,14,12,888,9.9,2,1,2,0,0,0,0,0.20,0.10,0.30,0.20,0.30,1.6,1.6,0.8,2.5,0.17,0.08,0.25,0.17,0.25,Abdoul Camara
605,za RSA,MF,22,22,9,"1,032",11.5,0,1,0,0,0,1,0,0.00,0.09,0.09,0.00,0.09,0.2,0.2,0.4,0.5,0.02,0.03,0.05,0.02,0.05,Lebogang Phiri
606,cd COD,"FW,MF",25,16,4,576,6.4,3,0,2,1,1,1,0,0.47,0.00,0.47,0.31,0.31,2.0,1.2,0.1,1.2,0.31,0.01,0.32,0.18,0.20,Yeni Ngbakoto
607,fr FRA,"FW,MF",36,3,0,23,0.3,0,0,0,0,0,0,0,0.00,0.00,0.00,0.00,0.00,0.1,0.1,0.0,0.1,0.27,0.00,0.27,0.27,0.27,Thibault Giresse
608,fr FRA,FW,28,1,0,1,0.0,0,0,0,0,0,0,0,0.00,0.00,0.00,0.00,0.00,0.0,0.0,0.0,0.0,0.00,0.00,0.00,0.00,0.00,Sloan Privat
609,ma MAR,FW,21,0,0,,,,,,,,,,,,,,,,,,,,,,,,Karim Achahbar
610,bj BEN,MF,18,0,0,,,,,,,,,,,,,,,,,,,,,,,,Matteo Ahlinvi
611,fr FRA,GK,23,0,0,,,,,,,,,,,,,,,,,,,,,,,,Marc-Aurèle Caillard
612,rs SRB,GK,29,0,0,,,,,,,,,,,,,,,,,,,,,,,,Denis Petrić
613,mq MTQ,DF,24,34,34,"2,957",32.9,0,0,0,0,0,7,1,0.00,0.00,0.00,0.00,0.00,1.7,1.7,0.2,1.9,0.05,0.00,0.06,0.05,0.06,Christophe Hérelle
614,ml MLI,DF,25,34,33,"2,998",33.3,0,3,0,0,0,8,1,0.00,0.09,0.09,0.00,0.09,0.6,0.6,3.5,4.0,0.02,0.10,0.12,0.02,0.12,Charles Traore
615,fr FRA,"FW,MF",20,36,29,"2,603",28.9,3,4,3,0,0,3,0,0.10,0.14,0.24,0.10,0.24,4.8,4.8,4.0,8.7,0.16,0.14,0.30,0.16,0.30,Samuel Grandsir
616,fr FRA,DF,25,28,28,"2,410",26.8,0,2,0,0,0,5,1,0.00,0.07,0.07,0.00,0.07,0.2,0.2,1.4,1.6,0.01,0.05,0.06,0.01,0.06,Mathieu Deplagne
617,fr FRA,MF,30,30,27,"2,177",24.2,0,0,0,0,0,6,1,0.00,0.00,0.00,0.00,0.00,0.1,0.1,0.2,0.3,0.00,0.01,0.01,0.00,0.01,François Bellugou
618,fr FRA,MF,27,30,26,"2,251",25.0,1,0,1,0,0,5,1,0.04,0.00,0.04,0.04,0.04,1.2,1.2,1.8,3.0,0.05,0.07,0.12,0.05,0.12,Karim Azamoum
619,ml MLI,FW,24,33,25,"2,164",24.0,8,2,6,2,2,6,0,0.33,0.08,0.42,0.25,0.33,11.3,9.8,1.5,11.2,0.47,0.06,0.53,0.41,0.47,Adama Niane
620,fr FRA,DF,25,25,24,"2,092",23.2,0,0,0,0,0,4,1,0.00,0.00,0.00,0.00,0.00,0.5,0.5,0.1,0.6,0.02,0.00,0.03,0.02,0.03,Jimmy Giraudon
621,tn TUN,"MF,FW",22,32,21,"1,956",21.7,5,2,5,0,1,1,0,0.23,0.09,0.32,0.23,0.32,4.7,3.9,2.6,6.5,0.22,0.12,0.34,0.18,0.30,Saîf-Eddine Khaoui
622,ml MLI,GK,27,21,21,"1,890",21.0,0,0,0,0,0,1,0,0.00,0.00,0.00,0.00,0.00,0.0,0.0,0.0,0.0,0.00,0.00,0.00,0.00,0.00,Mamadou Samassa
623,fr FRA,"FW,MF",33,23,20,"1,706",19.0,3,2,3,0,0,2,0,0.16,0.11,0.26,0.16,0.26,2.6,2.6,2.7,5.3,0.14,0.14,0.28,0.14,0.28,Stéphane Darbion
624,fr FRA,"FW,MF",25,31,19,"1,615",17.9,2,2,2,0,0,1,0,0.11,0.11,0.22,0.11,0.22,1.8,1.8,2.4,4.1,0.10,0.13,0.23,0.10,0.23,Bryan Pelé
625,ve VEN,DF,33,20,18,"1,715",19.1,0,0,0,0,0,7,1,0.00,0.00,0.00,0.00,0.00,0.6,0.6,0.1,0.7,0.03,0.01,0.04,0.03,0.04,Oswaldo Vizcarrondo
626,fr FRA,GK,25,17,17,"1,530",17.0,0,0,0,0,0,2,0,0.00,0.00,0.00,0.00,0.00,0.0,0.0,0.0,0.0,0.00,0.00,0.00,0.00,0.00,Erwin Zelazny
627,fr FRA,"MF,FW",40,26,16,"1,369",15.2,2,2,2,0,0,0,0,0.13,0.13,0.26,0.13,0.26,1.8,1.8,2.2,4.0,0.12,0.15,0.26,0.12,0.26,Benjamin Nivet
628,cm CMR,MF,26,14,14,"1,192",13.2,0,0,0,0,0,4,0,0.00,0.00,0.00,0.00,0.00,0.2,0.2,1.3,1.5,0.01,0.10,0.11,0.01,0.11,Tristan Dingomé
629,kr KOR,FW,26,26,13,"1,195",13.3,6,0,6,0,0,5,0,0.45,0.00,0.45,0.45,0.45,5.3,5.3,0.9,6.1,0.40,0.06,0.46,0.40,0.46,Suk Hyun-jun
630,fr FRA,MF,22,12,12,997,11.1,0,1,0,0,0,1,0,0.00,0.09,0.09,0.00,0.09,0.4,0.4,0.1,0.5,0.03,0.01,0.04,0.03,0.04,Rémi Walter
631,gp GLP,DF,27,11,10,919,10.2,0,1,0,0,0,1,0,0.00,0.10,0.10,0.00,0.10,0.0,0.0,0.5,0.6,0.00,0.05,0.06,0.00,0.06,Jérémy Cordoval
632,ga GAB,DF,24,8,5,470,5.2,0,0,0,0,0,1,0,0.00,0.00,0.00,0.00,0.00,0.1,0.1,0.1,0.2,0.02,0.02,0.04,0.02,0.04,Johann Obiang
633,fr FRA,"MF,DF",20,15,4,611,6.8,0,0,0,0,0,1,0,0.00,0.00,0.00,0.00,0.00,0.1,0.1,0.0,0.2,0.02,0.01,0.03,0.02,0.03,Alois Confais
634,tn TUN,"FW,MF",33,16,2,342,3.8,0,0,0,0,0,3,0,0.00,0.00,0.00,0.00,0.00,0.3,0.3,1.0,1.2,0.07,0.25,0.32,0.07,0.32,Chaouki Ben Saada
635,br BRA,DF,19,1,0,84,0.9,0,0,0,0,0,1,0,0.00,0.00,0.00,0.00,0.00,0.0,0.0,0.0,0.0,0.00,0.00,0.00,0.00,0.00,Gabriel Dos Santos
636,bj BEN,"MF,FW",28,5,0,73,0.8,0,0,0,0,0,1,0,0.00,0.00,0.00,0.00,0.00,0.3,0.3,0.0,0.4,0.39,0.05,0.45,0.39,0.45,Jonathan Tinhan
637,cm CMR,"FW,MF",17,4,0,64,0.7,0,0,0,0,0,0,0,0.00,0.00,0.00,0.00,0.00,0.1,0.1,0.0,0.1,0.12,0.00,0.12,0.12,0.12,Bryan Mbeumo
638,fr FRA,GK,17,0,0,,,,,,,,,,,,,,,,,,,,,,,,Yehvann Diouf
639,fr FRA,FW,21,0,0,,,,,,,,,,,,,,,,,,,,,,,,Mamadou Sissako
