,Unnamed: 0,Player,Gross P/W(IN EUR),Gross P/Y(IN EUR),Adj. Gross(IN EUR),Pos. DFKM,Age,Country,Team,League,Season
0,1,Gianluigi Donnarumma,"€ 213,654","€ 11,110,000","€ 11,110,000",K,21,Italy,Ac Milan,Serie A,2020-2021
1,2,Zlatan Ibrahimovic,"€ 172,500","€ 8,970,000","€ 8,970,000",F,39,Sweden,Ac Milan,Serie A,2020-2021
2,3,Alessio Romagnoli,"€ 124,615","€ 6,480,000","€ 6,480,000",D,25,Italy,Ac Milan,Serie A,2020-2021
3,4,Hakan Calhanoglu,"€ 89,038","€ 4,630,000","€ 4,630,000",F,26,Turkey,Ac Milan,Serie A,2020-2021
4,5,Ante Rebic,"€ 86,346","€ 4,490,000","€ 4,490,000",F,27,Croatia,Ac Milan,Serie A,2020-2021
5,6,Sandro Tonali,"€ 78,269","€ 4,070,000","€ 4,070,000",M,20,Italy,Ac Milan,Serie A,2020-2021
6,7,Franck Kessié,"€ 78,269","€ 4,070,000","€ 4,070,000",M,23,Cote d'Ivoire,Ac Milan,Serie A,2020-2021
7,8,Mateo Musacchio,"€ 71,154","€ 3,700,000","€ 3,700,000",D,30,Argentina,Ac Milan,Serie A,2020-2021
8,9,Andrea Conti,"€ 71,154","€ 3,700,000","€ 3,700,000",D,26,Italy,Ac Milan,Serie A,2020-2021
9,10,Mario Mandzukic,"€ 64,038","€ 3,330,000","€ 3,330,000",F,34,Croatia,Ac Milan,Serie A,2020-2021
10,11,Soualiho Meïté,"€ 56,923","€ 2,960,000","€ 2,960,000",M,26,France,Ac Milan,Serie A,2020-2021
11,12,Ismaël Bennacer,"€ 53,462","€ 2,780,000","€ 2,780,000",M,22,Algeria,Ac Milan,Serie A,2020-2021
12,13,Samu Castillejo,"€ 53,462","€ 2,780,000","€ 2,780,000",F,25,Spain,Ac Milan,Serie A,2020-2021
13,14,Rade Krunic,"€ 39,231","€ 2,040,000","€ 2,040,000",M,27,Bosnia-Herzegovina,Ac Milan,Serie A,2020-2021
14,15,Theo Hernández,"€ 36,923","€ 1,920,000","€ 1,920,000",D,23,France,Ac Milan,Serie A,2020-2021
15,16,Antonio Donnarumma,"€ 35,577","€ 1,850,000","€ 1,850,000",K,30,Italy,Ac Milan,Serie A,2020-2021
16,17,Davide Calabria,"€ 35,577","€ 1,850,000","€ 1,850,000",D,23,Italy,Ac Milan,Serie A,2020-2021
17,18,Rafael Leão,"€ 34,423","€ 1,790,000","€ 1,790,000",F,21,Portugal,Ac Milan,Serie A,2020-2021
18,19,Ciprian Tatarusanu,"€ 29,615","€ 1,540,000","€ 1,540,000",K,34,Romania,Ac Milan,Serie A,2020-2021
19,20,Simon Kjaer,"€ 29,615","€ 1,540,000","€ 1,540,000",D,31,Denmark,Ac Milan,Serie A,2020-2021
20,21,Alexis Saelemaekers,"€ 24,615","€ 1,280,000","€ 1,280,000",F,21,Belgium,Ac Milan,Serie A,2020-2021
21,22,Diogo Dalot,"€ 24,615","€ 1,280,000","€ 1,280,000",D,21,Portugal,Ac Milan,Serie A,2020-2021
22,23,Jens Petter Hauge,"€ 24,615","€ 1,280,000","€ 1,280,000",F,20,Norway,Ac Milan,Serie A,2020-2021
23,24,Léo Duarte,"€ 24,615","€ 1,280,000","€ 1,280,000",D,24,Brazil,Ac Milan,Serie A,2020-2021
24,25,Matteo Gabbia,"€ 21,346","€ 1,110,000","€ 1,110,000",D,20,Italy,Ac Milan,Serie A,2020-2021
25,26,Fikayo Tomori,"€ 20,962","€ 1,090,000","€ 1,090,000",D,23,England,Ac Milan,Serie A,2020-2021
26,27,Pierre Kalulu,"€ 14,808","€ 770,000","€ 770,000",D,20,France,Ac Milan,Serie A,2020-2021
27,28,Brahim Díaz,"€ 12,308","€ 640,000","€ 640,000",F,21,Spain,Ac Milan,Serie A,2020-2021
28,29,Lorenzo Colombo,"€ 10,769","€ 560,000","€ 560,000",F,18,Italy,Ac Milan,Serie A,2020-2021
29,30,Daniel Maldini,"€ 10,769","€ 560,000","€ 560,000",F,18,Italy,Ac Milan,Serie A,2020-2021
0,1,Papu Gómez,"€ 71,154","€ 3,700,000","€ 3,700,000",F,32,Argentina,Atalanta,Serie A,2020-2021
1,2,Duván Zapata,"€ 64,038","€ 3,330,000","€ 3,330,000",F,29,Colombia,Atalanta,Serie A,2020-2021
2,3,Josip Ilicic,"€ 64,038","€ 3,330,000","€ 3,330,000",F,32,Slovenia,Atalanta,Serie A,2020-2021
3,4,Aleksey Miranchuk,"€ 53,462","€ 2,780,000","€ 2,780,000",F,24,Russia,Atalanta,Serie A,2020-2021
4,5,Viktor Kovalenko,"€ 49,231","€ 2,560,000","€ 2,560,000",F,24,Ukraine,Atalanta,Serie A,2020-2021
5,6,Luis Muriel,"€ 44,423","€ 2,310,000","€ 2,310,000",F,29,Colombia,Atalanta,Serie A,2020-2021
6,7,Rafael Tolói,"€ 35,577","€ 1,850,000","€ 1,850,000",D,29,Brazil,Atalanta,Serie A,2020-2021
7,8,Mario Pasalic,"€ 35,577","€ 1,850,000","€ 1,850,000",M,25,Croatia,Atalanta,Serie A,2020-2021
8,9,Mattia Caldara,"€ 35,577","€ 1,850,000","€ 1,850,000",D,26,Italy,Atalanta,Serie A,2020-2021
9,10,Marten de Roon,"€ 35,577","€ 1,850,000","€ 1,850,000",M,29,Netherlands,Atalanta,Serie A,2020-2021
10,11,Cristiano Piccini,"€ 28,462","€ 1,480,000","€ 1,480,000",D,28,Italy,Atalanta,Serie A,2020-2021
11,12,Cristian Romero,"€ 28,462","€ 1,480,000","€ 1,480,000",D,22,Argentina,Atalanta,Serie A,2020-2021
12,13,Hans Hateboer,"€ 28,462","€ 1,480,000","€ 1,480,000",D,26,Netherlands,Atalanta,Serie A,2020-2021
13,14,José Luis Palomino,"€ 28,462","€ 1,480,000","€ 1,480,000",D,30,Argentina,Atalanta,Serie A,2020-2021
14,15,Berat Djimsiti,"€ 28,462","€ 1,480,000","€ 1,480,000",D,27,Albania,Atalanta,Serie A,2020-2021
15,16,Pierluigi Gollini,"€ 28,462","€ 1,480,000","€ 1,480,000",K,25,Italy,Atalanta,Serie A,2020-2021
16,17,Remo Freuler,"€ 28,462","€ 1,480,000","€ 1,480,000",M,28,Switzerland,Atalanta,Serie A,2020-2021
17,18,Robin Gosens,"€ 28,462","€ 1,480,000","€ 1,480,000",D,26,Germany,Atalanta,Serie A,2020-2021
18,19,Ruslan Malinovskyi,"€ 24,615","€ 1,280,000","€ 1,280,000",F,27,Ukraine,Atalanta,Serie A,2020-2021
19,20,Marco Sportiello,"€ 21,346","€ 1,110,000","€ 1,110,000",K,28,Italy,Atalanta,Serie A,2020-2021
20,21,Sam Lammers,"€ 19,808","€ 1,030,000","€ 1,030,000",F,23,Netherlands,Atalanta,Serie A,2020-2021
21,22,Johan Mojica,"€ 17,885","€ 930,000","€ 930,000",D,28,Colombia,Atalanta,Serie A,2020-2021
22,23,Joakim Maehle,"€ 17,308","€ 900,000","€ 900,000",D,23,Denmark,Atalanta,Serie A,2020-2021
23,24,Matteo Pessina,"€ 14,231","€ 740,000","€ 740,000",M,23,Italy,Atalanta,Serie A,2020-2021
24,25,Fabio Depaoli,"€ 12,500","€ 650,000","€ 650,000",D,23,Italy,Atalanta,Serie A,2020-2021
25,26,Boris Radunović,"€ 10,962","€ 570,000","€ 570,000",K,24,Serbia,Atalanta,Serie A,2020-2021
26,27,Bosko Sutalo,"€ 6,154","€ 320,000","€ 320,000",D,20,Croatia,Atalanta,Serie A,2020-2021
27,28,Amad Diallo,"€ 5,385","€ 280,000","€ 280,000",F,18,Cote d'Ivoire,Atalanta,Serie A,2020-2021
28,29,Francesco Rossi,"€ 3,654","€ 190,000","€ 190,000",K,29,Italy,Atalanta,Serie A,2020-2021
29,30,Marco Carnesecchi,"€ 3,654","€ 190,000","€ 190,000",K,20,Italy,Atalanta,Serie A,2020-2021
30,31,Matteo Ruggeri,€ 769,"€ 40,000","€ 40,000",D,18,Italy,Atalanta,Serie A,2020-2021
0,1,Kamil Glik,"€ 61,731","€ 3,210,000","€ 3,210,000",D,32,Poland,Benevento,Serie A,2020-2021
1,2,Iago Falque,"€ 60,577","€ 3,150,000","€ 3,150,000",F,30,Spain,Benevento,Serie A,2020-2021
2,3,Gianluca Lapadula,"€ 56,923","€ 2,960,000","€ 2,960,000",F,30,Italy,Benevento,Serie A,2020-2021
3,4,Gianluca Caprari,"€ 32,115","€ 1,670,000","€ 1,670,000",F,27,Italy,Benevento,Serie A,2020-2021
4,5,Artur Ionita,"€ 32,115","€ 1,670,000","€ 1,670,000",M,30,Moldova,Benevento,Serie A,2020-2021
5,6,Nicolas Viola,"€ 26,731","€ 1,390,000","€ 1,390,000",M,30,Italy,Benevento,Serie A,2020-2021
6,7,Siriki Sanogo,"€ 25,000","€ 1,300,000","€ 1,300,000",M,18,Cote d'Ivoire,Benevento,Serie A,2020-2021
7,8,Christian Maggio,"€ 25,000","€ 1,300,000","€ 1,300,000",D,38,Italy,Benevento,Serie A,2020-2021
8,9,Marco Sau,"€ 25,000","€ 1,300,000","€ 1,300,000",F,32,Italy,Benevento,Serie A,2020-2021
9,10,Pasquale Schiattarella,"€ 25,000","€ 1,300,000","€ 1,300,000",M,33,Italy,Benevento,Serie A,2020-2021
10,11,Perparim Hetemaj,"€ 25,000","€ 1,300,000","€ 1,300,000",M,33,Finland,Benevento,Serie A,2020-2021
11,12,Adolfo Gaich,"€ 22,115","€ 1,150,000","€ 1,150,000",F,21,Argentina,Benevento,Serie A,2020-2021
12,13,Bryan Dabo,"€ 21,346","€ 1,110,000","€ 1,110,000",M,28,Burkina Faso,Benevento,Serie A,2020-2021
13,14,Luca Antei,"€ 21,346","€ 1,110,000","€ 1,110,000",D,28,Italy,Benevento,Serie A,2020-2021
14,15,Roberto Insigne,"€ 17,885","€ 930,000","€ 930,000",F,26,Italy,Benevento,Serie A,2020-2021
15,16,Federico Barba,"€ 15,962","€ 830,000","€ 830,000",D,27,Italy,Benevento,Serie A,2020-2021
16,17,Fabio Depaoli,"€ 12,500","€ 650,000","€ 650,000",D,23,Italy,Benevento,Serie A,2020-2021
17,18,Gabriele Moncini,"€ 12,500","€ 650,000","€ 650,000",F,24,Italy,Benevento,Serie A,2020-2021
18,19,Gaetano Letizia,"€ 12,500","€ 650,000","€ 650,000",D,30,Italy,Benevento,Serie A,2020-2021
19,20,Luca Caldirola,"€ 12,308","€ 640,000","€ 640,000",D,29,Italy,Benevento,Serie A,2020-2021
20,21,Massimo Volta,"€ 10,962","€ 570,000","€ 570,000",D,33,Italy,Benevento,Serie A,2020-2021
21,22,Lorenzo Del Pinto,"€ 10,962","€ 570,000","€ 570,000",M,30,Italy,Benevento,Serie A,2020-2021
22,23,Andrés Tello,"€ 10,769","€ 560,000","€ 560,000",M,24,Colombia,Benevento,Serie A,2020-2021
23,24,Lorenzo Montipò,"€ 9,615","€ 500,000","€ 500,000",K,24,Italy,Benevento,Serie A,2020-2021
24,25,Daam Foulon,"€ 8,654","€ 450,000","€ 450,000",D,21,Belgium,Benevento,Serie A,2020-2021
25,26,Alessandro Tuia,"€ 7,115","€ 370,000","€ 370,000",D,30,Italy,Benevento,Serie A,2020-2021
26,27,Riccardo Improta,"€ 7,115","€ 370,000","€ 370,000",F,26,Italy,Benevento,Serie A,2020-2021
27,28,Nicolò Manfredini,"€ 2,885","€ 150,000","€ 150,000",K,32,Italy,Benevento,Serie A,2020-2021
28,29,Giuseppe Di Serio,"€ 2,885","€ 150,000","€ 150,000",F,19,Italy,Benevento,Serie A,2020-2021
29,30,Abdallah Basit,"€ 2,885","€ 150,000","€ 150,000",M,20,Ghana,Benevento,Serie A,2020-2021
30,31,Pier Graziano Gori,"€ 2,500","€ 130,000","€ 130,000",K,40,Italy,Benevento,Serie A,2020-2021
31,32,Christian Pastina,"€ 1,731","€ 90,000","€ 90,000",D,19,Italy,Benevento,Serie A,2020-2021
32,33,Davide Masella,€ 769,"€ 40,000","€ 40,000",F,18,Italy,Benevento,Serie A,2020-2021
33,34,Igor Lucatelli,€ 769,"€ 40,000","€ 40,000",K,17,Italy,Benevento,Serie A,2020-2021
0,1,Nicola Sansone,"€ 39,423","€ 2,050,000","€ 2,050,000",F,29,Italy,Bologna,Serie A,2020-2021
1,2,Roberto Soriano,"€ 39,423","€ 2,050,000","€ 2,050,000",M,29,Italy,Bologna,Serie A,2020-2021
2,3,Rodrigo Palacio,"€ 39,231","€ 2,040,000","€ 2,040,000",F,38,Argentina,Bologna,Serie A,2020-2021
3,4,Riccardo Orsolini,"€ 39,231","€ 2,040,000","€ 2,040,000",F,23,Italy,Bologna,Serie A,2020-2021
4,5,Andrea Poli,"€ 39,231","€ 2,040,000","€ 2,040,000",M,31,Italy,Bologna,Serie A,2020-2021
5,6,Gary Medel,"€ 36,923","€ 1,920,000","€ 1,920,000",M,33,Chile,Bologna,Serie A,2020-2021
6,7,Federico Santander,"€ 35,577","€ 1,850,000","€ 1,850,000",F,29,Paraguay,Bologna,Serie A,2020-2021
7,8,Lorenzo De Silvestri,"€ 32,115","€ 1,670,000","€ 1,670,000",D,32,Italy,Bologna,Serie A,2020-2021
8,9,Lukasz Skorupski,"€ 32,115","€ 1,670,000","€ 1,670,000",K,29,Poland,Bologna,Serie A,2020-2021
9,10,Adama Soumaoro,"€ 30,962","€ 1,610,000","€ 1,610,000",D,28,France,Bologna,Serie A,2020-2021
10,11,Musa Barrow,"€ 28,462","€ 1,480,000","€ 1,480,000",F,21,The Gambia,Bologna,Serie A,2020-2021
11,12,Mitchell Dijks,"€ 28,462","€ 1,480,000","€ 1,480,000",D,27,Netherlands,Bologna,Serie A,2020-2021
12,13,Ibrahima Mbaye,"€ 26,731","€ 1,390,000","€ 1,390,000",D,25,Senegal,Bologna,Serie A,2020-2021
13,14,Stefano Denswil,"€ 19,808","€ 1,030,000","€ 1,030,000",D,27,Netherlands,Bologna,Serie A,2020-2021
14,15,Andreas Skov Olsen,"€ 19,808","€ 1,030,000","€ 1,030,000",F,20,Denmark,Bologna,Serie A,2020-2021
15,16,Danilo,"€ 19,808","€ 1,030,000","€ 1,030,000",D,36,Brazil,Bologna,Serie A,2020-2021
16,17,Paolo Faragò,"€ 17,885","€ 930,000","€ 930,000",D,27,Italy,Bologna,Serie A,2020-2021
17,18,Mattias Svanberg,"€ 17,885","€ 930,000","€ 930,000",M,21,Sweden,Bologna,Serie A,2020-2021
18,19,Nicolás Domínguez,"€ 17,308","€ 900,000","€ 900,000",M,22,Argentina,Bologna,Serie A,2020-2021
19,20,Nicolàs Domìnguez,"€ 17,308","€ 900,000","€ 900,000",M,22,Argentina,Bologna,Serie A,2020-2021
20,21,Valentin Antov,"€ 14,808","€ 770,000","€ 770,000",D,20,Bulgaria,Bologna,Serie A,2020-2021
21,22,Takehiro Tomiyasu,"€ 14,808","€ 770,000","€ 770,000",D,21,Japan,Bologna,Serie A,2020-2021
22,23,Angelo da Costa,"€ 12,500","€ 650,000","€ 650,000",K,36,Brazil,Bologna,Serie A,2020-2021
23,24,Jerdy Schouten,"€ 12,308","€ 640,000","€ 640,000",M,23,Netherlands,Bologna,Serie A,2020-2021
24,25,Nehuén Paz,"€ 11,154","€ 580,000","€ 580,000",D,27,Argentina,Bologna,Serie A,2020-2021
25,26,Aaron Hickey,"€ 11,154","€ 580,000","€ 580,000",D,18,Scotland,Bologna,Serie A,2020-2021
26,27,Emanuel Vignato,"€ 10,769","€ 560,000","€ 560,000",F,20,Italy,Bologna,Serie A,2020-2021
27,28,Musa Juwara,"€ 8,846","€ 460,000","€ 460,000",F,19,The Gambia,Bologna,Serie A,2020-2021
28,29,Arturo Calabresi,"€ 8,846","€ 460,000","€ 460,000",D,24,Italy,Bologna,Serie A,2020-2021
29,30,Andri Fannar Baldursson,"€ 5,385","€ 280,000","€ 280,000",M,18,Iceland,Bologna,Serie A,2020-2021
30,31,Kingsley Michael,"€ 5,385","€ 280,000","€ 280,000",M,21,Nigeria,Bologna,Serie A,2020-2021
31,32,Sebastian Breza,"€ 1,154","€ 60,000","€ 60,000",K,22,Canada,Bologna,Serie A,2020-2021
32,33,Federico Ravaglia,"€ 1,154","€ 60,000","€ 60,000",K,20,Italy,Bologna,Serie A,2020-2021
33,34,Edoardo Vergani,€ 769,"€ 40,000","€ 40,000",F,19,Italy,Bologna,Serie A,2020-2021
0,1,Radja Nainggolan,"€ 160,192","€ 8,330,000","€ 8,330,000",F,32,Belgium,Cagliari,Serie A,2020-2021
1,2,Daniele Rugani,"€ 124,615","€ 6,480,000","€ 6,480,000",D,26,Italy,Cagliari,Serie A,2020-2021
2,3,Diego Godín,"€ 74,038","€ 3,850,000","€ 3,850,000",D,34,Uruguay,Cagliari,Serie A,2020-2021
3,4,Marko Rog,"€ 53,462","€ 2,780,000","€ 2,780,000",M,25,Croatia,Cagliari,Serie A,2020-2021
4,5,Giovanni Simeone,"€ 53,462","€ 2,780,000","€ 2,780,000",F,25,Argentina,Cagliari,Serie A,2020-2021
5,6,Leonardo Pavoletti,"€ 49,808","€ 2,590,000","€ 2,590,000",F,31,Italy,Cagliari,Serie A,2020-2021
6,7,João Pedro,"€ 49,808","€ 2,590,000","€ 2,590,000",F,28,Brazil,Cagliari,Serie A,2020-2021
7,8,Alfred Duncan,"€ 46,346","€ 2,410,000","€ 2,410,000",M,27,Ghana,Cagliari,Serie A,2020-2021
8,9,Nahitan Nández,"€ 39,423","€ 2,050,000","€ 2,050,000",M,24,Uruguay,Cagliari,Serie A,2020-2021
9,10,Ragnar Klavan,"€ 35,577","€ 1,850,000","€ 1,850,000",D,34,Estonia,Cagliari,Serie A,2020-2021
10,11,Alberto Cerri,"€ 35,577","€ 1,850,000","€ 1,850,000",F,24,Italy,Cagliari,Serie A,2020-2021
11,12,Alessio Cragno,"€ 35,577","€ 1,850,000","€ 1,850,000",K,26,Italy,Cagliari,Serie A,2020-2021
12,13,Adam Ounas,"€ 35,577","€ 1,850,000","€ 1,850,000",F,23,Algeria,Cagliari,Serie A,2020-2021
13,14,Luca Ceppitelli,"€ 35,577","€ 1,850,000","€ 1,850,000",D,31,Italy,Cagliari,Serie A,2020-2021
14,15,Gastón Pereiro,"€ 34,423","€ 1,790,000","€ 1,790,000",F,25,Uruguay,Cagliari,Serie A,2020-2021
15,16,Răzvan Marin,"€ 24,615","€ 1,280,000","€ 1,280,000",M,24,Romania,Cagliari,Serie A,2020-2021
16,17,Razvan Marin,"€ 24,615","€ 1,280,000","€ 1,280,000",M,24,Romania,Cagliari,Serie A,2020-2021
17,18,Valter Birsa,"€ 21,346","€ 1,110,000","€ 1,110,000",F,34,Slovenia,Cagliari,Serie A,2020-2021
18,19,Fabio Pisacane,"€ 17,885","€ 930,000","€ 930,000",D,34,Italy,Cagliari,Serie A,2020-2021
19,20,Charalampos Lykogiannis,"€ 17,885","€ 930,000","€ 930,000",D,26,Greece,Cagliari,Serie A,2020-2021
20,21,Paolo Faragò,"€ 17,885","€ 930,000","€ 930,000",M,27,Italy,Cagliari,Serie A,2020-2021
21,22,Riccardo Sottil,"€ 17,885","€ 930,000","€ 930,000",F,21,Italy,Cagliari,Serie A,2020-2021
22,23,Filip Bradaric,"€ 14,808","€ 770,000","€ 770,000",M,28,Croatia,Cagliari,Serie A,2020-2021
23,24,Marko Pajac,"€ 14,615","€ 760,000","€ 760,000",M,27,Croatia,Cagliari,Serie A,2020-2021
24,25,Andrea Carboni,"€ 11,731","€ 610,000","€ 610,000",D,19,Italy,Cagliari,Serie A,2020-2021
25,26,Guglielmo Vicario,"€ 10,769","€ 560,000","€ 560,000",K,24,Italy,Cagliari,Serie A,2020-2021
26,27,Alessandro Deiola,"€ 10,769","€ 560,000","€ 560,000",M,25,Italy,Cagliari,Serie A,2020-2021
27,28,Alessandro Tripaldelli,"€ 10,769","€ 560,000","€ 560,000",D,21,Italy,Cagliari,Serie A,2020-2021
28,29,Christian Oliva,"€ 10,769","€ 560,000","€ 560,000",M,24,Uruguay,Cagliari,Serie A,2020-2021
29,30,Gabriele Zappa,"€ 10,769","€ 560,000","€ 560,000",D,20,Italy,Cagliari,Serie A,2020-2021
30,31,Zito Luvumbo,"€ 8,846","€ 460,000","€ 460,000",F,18,Angola,Cagliari,Serie A,2020-2021
31,32,Arturo Calabresi,"€ 8,846","€ 460,000","€ 460,000",D,24,Italy,Cagliari,Serie A,2020-2021
32,33,Sebastian Walukiewicz,"€ 7,308","€ 380,000","€ 380,000",D,20,Poland,Cagliari,Serie A,2020-2021
33,34,Simone Aresti,"€ 5,385","€ 280,000","€ 280,000",K,34,Italy,Cagliari,Serie A,2020-2021
34,35,Fabrizio Caligara,"€ 5,385","€ 280,000","€ 280,000",M,20,Italy,Cagliari,Serie A,2020-2021
35,36,Daniele Ragatzu,"€ 5,385","€ 280,000","€ 280,000",F,29,Italy,Cagliari,Serie A,2020-2021
36,37,Simone Pinna,"€ 3,654","€ 190,000","€ 190,000",D,22,Italy,Cagliari,Serie A,2020-2021
37,38,Matteo Tramoni,"€ 3,654","€ 190,000","€ 190,000",M,20,France,Cagliari,Serie A,2020-2021
0,1,Adam Ounas,"€ 35,577","€ 1,850,000","€ 1,850,000",F,24,Algeria,Crotone,Serie A,2020-2021
1,2,Sebastiano Luperto,"€ 25,000","€ 1,300,000","€ 1,300,000",D,24,Italy,Crotone,Serie A,2020-2021
2,3,Samuel Di Carmine,"€ 25,000","€ 1,300,000","€ 1,300,000",F,32,Italy,Crotone,Serie A,2020-2021
3,4,Arkadiusz Reca,"€ 21,346","€ 1,110,000","€ 1,110,000",M,25,Poland,Crotone,Serie A,2020-2021
4,5,Simy,"€ 21,346","€ 1,110,000","€ 1,110,000",F,28,Nigeria,Crotone,Serie A,2020-2021
5,6,Lisandro Magallán,"€ 18,462","€ 960,000","€ 960,000",D,27,Argentina,Crotone,Serie A,2020-2021
6,7,Jacopo Petriccione,"€ 17,885","€ 930,000","€ 930,000",M,25,Italy,Crotone,Serie A,2020-2021
7,8,Ahmad Benali,"€ 16,346","€ 850,000","€ 850,000",M,28,Libya,Crotone,Serie A,2020-2021
8,9,Emmanuel Rivière,"€ 15,962","€ 830,000","€ 830,000",F,30,Martinique,Crotone,Serie A,2020-2021
9,10,Luca Cigarini,"€ 15,192","€ 790,000","€ 790,000",M,34,Italy,Crotone,Serie A,2020-2021
10,11,Luca Marrone,"€ 14,231","€ 740,000","€ 740,000",D,30,Italy,Crotone,Serie A,2020-2021
11,12,Andrea Rispoli,"€ 13,269","€ 690,000","€ 690,000",M,32,Italy,Crotone,Serie A,2020-2021
12,13,Eduardo Henrique,"€ 10,385","€ 540,000","€ 540,000",M,25,Brazil,Crotone,Serie A,2020-2021
13,14,Milos Vulic,"€ 9,808","€ 510,000","€ 510,000",M,24,Serbia,Crotone,Serie A,2020-2021
14,15,Koffi Djidji,"€ 9,038","€ 470,000","€ 470,000",D,27,Cote d'Ivoire,Crotone,Serie A,2020-2021
15,16,Luca Siligardi,"€ 9,038","€ 470,000","€ 470,000",F,32,Italy,Crotone,Serie A,2020-2021
16,17,Vladimir Golemic,"€ 8,654","€ 450,000","€ 450,000",D,29,Serbia,Crotone,Serie A,2020-2021
17,18,Niccolò Zanellato,"€ 7,885","€ 410,000","€ 410,000",M,22,Italy,Crotone,Serie A,2020-2021
18,19,Pedro Pereira,"€ 7,308","€ 380,000","€ 380,000",M,22,Portugal,Crotone,Serie A,2020-2021
19,20,Salvatore Molina,"€ 7,115","€ 370,000","€ 370,000",M,28,Italy,Crotone,Serie A,2020-2021
20,21,Giovanni Crociata,"€ 7,115","€ 370,000","€ 370,000",M,23,Italy,Crotone,Serie A,2020-2021
21,22,Mattia Mustacchio,"€ 6,346","€ 330,000","€ 330,000",M,31,Italy,Crotone,Serie A,2020-2021
22,23,Giuseppe Cuomo,"€ 6,346","€ 330,000","€ 330,000",D,22,Italy,Crotone,Serie A,2020-2021
23,24,Antonio Mazzotta,"€ 5,385","€ 280,000","€ 280,000",M,31,Italy,Crotone,Serie A,2020-2021
24,25,Alex Cordaz,"€ 5,385","€ 280,000","€ 280,000",K,37,Italy,Crotone,Serie A,2020-2021
25,26,Luis Rojas,"€ 5,000","€ 260,000","€ 260,000",F,18,Chile,Crotone,Serie A,2020-2021
26,27,Tomislav Gomelt,"€ 4,423","€ 230,000","€ 230,000",M,25,Croatia,Crotone,Serie A,2020-2021
27,28,Junior Messias,"€ 3,846","€ 200,000","€ 200,000",F,29,Brazil,Crotone,Serie A,2020-2021
28,29,Marco Festa,"€ 3,846","€ 200,000","€ 200,000",K,28,Italy,Crotone,Serie A,2020-2021
29,30,Denis Dragus,"€ 3,654","€ 190,000","€ 190,000",F,21,Romania,Crotone,Serie A,2020-2021
30,31,Gian Marco Crespi,"€ 2,500","€ 130,000","€ 130,000",K,19,Italy,Crotone,Serie A,2020-2021
31,32,Aristóteles Romero,"€ 1,731","€ 90,000","€ 90,000",M,24,Venezuela,Crotone,Serie A,2020-2021
32,33,Francesco D'Alterio,€ 769,"€ 40,000","€ 40,000",K,18,Italy,Crotone,Serie A,2020-2021
0,1,Franck Ribéry,"€ 98,654","€ 5,130,000","€ 5,130,000",F,37,France,Fiorentina,Serie A,2020-2021
1,2,José Callejón,"€ 78,269","€ 4,070,000","€ 4,070,000",F,33,Spain,Fiorentina,Serie A,2020-2021
2,3,Giacomo Bonaventura,"€ 53,462","€ 2,780,000","€ 2,780,000",M,31,Italy,Fiorentina,Serie A,2020-2021
3,4,Patrick Cutrone,"€ 53,462","€ 2,780,000","€ 2,780,000",F,22,Italy,Fiorentina,Serie A,2020-2021
4,5,Gaetano Castrovilli,"€ 49,808","€ 2,590,000","€ 2,590,000",M,23,Italy,Fiorentina,Serie A,2020-2021
5,6,Alfred Duncan,"€ 46,346","€ 2,410,000","€ 2,410,000",M,27,Ghana,Fiorentina,Serie A,2020-2021
6,7,Martín Cáceres,"€ 42,692","€ 2,220,000","€ 2,220,000",D,33,Uruguay,Fiorentina,Serie A,2020-2021
7,8,Germán Pezzella,"€ 42,692","€ 2,220,000","€ 2,220,000",D,29,Argentina,Fiorentina,Serie A,2020-2021
8,9,Christian Kouamé,"€ 42,692","€ 2,220,000","€ 2,220,000",F,22,Cote d'Ivoire,Fiorentina,Serie A,2020-2021
9,10,Cristiano Biraghi,"€ 42,692","€ 2,220,000","€ 2,220,000",D,28,Italy,Fiorentina,Serie A,2020-2021
10,11,Aleksandr Kokorin,"€ 41,923","€ 2,180,000","€ 2,180,000",F,29,Russia,Fiorentina,Serie A,2020-2021
11,12,Sofyan Amrabat,"€ 36,923","€ 1,920,000","€ 1,920,000",M,24,Morocco,Fiorentina,Serie A,2020-2021
12,13,Borja Valero,"€ 35,577","€ 1,850,000","€ 1,850,000",M,35,Spain,Fiorentina,Serie A,2020-2021
13,14,Pol Lirola,"€ 32,115","€ 1,670,000","€ 1,670,000",D,23,Spain,Fiorentina,Serie A,2020-2021
14,15,Erick Pulgar,"€ 32,115","€ 1,670,000","€ 1,670,000",M,26,Chile,Fiorentina,Serie A,2020-2021
15,16,Valentin Eysseric,"€ 28,462","€ 1,480,000","€ 1,480,000",F,28,France,Fiorentina,Serie A,2020-2021
16,17,Nikola Milenkovic,"€ 28,462","€ 1,480,000","€ 1,480,000",D,22,Serbia,Fiorentina,Serie A,2020-2021
17,18,Bartlomiej Dragowski,"€ 28,462","€ 1,480,000","€ 1,480,000",K,23,Poland,Fiorentina,Serie A,2020-2021
18,19,Kévin Malcuit,"€ 28,462","€ 1,480,000","€ 1,480,000",D,29,France,Fiorentina,Serie A,2020-2021
19,20,Riccardo Saponara,"€ 24,615","€ 1,280,000","€ 1,280,000",F,28,Italy,Fiorentina,Serie A,2020-2021
20,21,Lucas Martínez Quarta,"€ 24,615","€ 1,280,000","€ 1,280,000",D,24,Argentina,Fiorentina,Serie A,2020-2021
21,22,Dusan Vlahovic,"€ 19,808","€ 1,030,000","€ 1,030,000",F,20,Serbia,Fiorentina,Serie A,2020-2021
22,23,Maximiliano Olivera,"€ 17,885","€ 930,000","€ 930,000",D,28,Uruguay,Fiorentina,Serie A,2020-2021
23,24,Igor,"€ 17,308","€ 900,000","€ 900,000",D,22,Brazil,Fiorentina,Serie A,2020-2021
24,25,Antonio Barreca,"€ 14,808","€ 770,000","€ 770,000",D,25,Italy,Fiorentina,Serie A,2020-2021
25,26,Lorenzo Venuti,"€ 14,231","€ 740,000","€ 740,000",D,25,Italy,Fiorentina,Serie A,2020-2021
26,27,Pietro Terracciano,"€ 10,769","€ 560,000","€ 560,000",K,30,Italy,Fiorentina,Serie A,2020-2021
27,28,Antonio Rosati,"€ 5,385","€ 280,000","€ 280,000",K,37,Italy,Fiorentina,Serie A,2020-2021
28,29,Tòfol Montiel,"€ 3,654","€ 190,000","€ 190,000",F,20,Spain,Fiorentina,Serie A,2020-2021
29,30,Federico Brancolini,€ 769,"€ 40,000","€ 40,000",K,19,Italy,Fiorentina,Serie A,2020-2021
30,31,Christian Dalle Mura,€ 769,"€ 40,000","€ 40,000",D,18,Italy,Fiorentina,Serie A,2020-2021
0,1,Kevin Strootman,"€ 81,346","€ 4,230,000","€ 4,230,000",M,30,Netherlands,Genoa,Serie A,2020-2021
1,2,Cristián Zapata,"€ 42,692","€ 2,220,000","€ 2,220,000",D,34,Colombia,Genoa,Serie A,2020-2021
2,3,Domenico Criscito,"€ 42,692","€ 2,220,000","€ 2,220,000",D,33,Italy,Genoa,Serie A,2020-2021
3,4,Lasse Schöne,"€ 36,923","€ 1,920,000","€ 1,920,000",M,34,Denmark,Genoa,Serie A,2020-2021
4,5,Milan Badelj,"€ 34,423","€ 1,790,000","€ 1,790,000",M,31,Croatia,Genoa,Serie A,2020-2021
5,6,Davide Zappacosta,"€ 32,115","€ 1,670,000","€ 1,670,000",D,28,Italy,Genoa,Serie A,2020-2021
6,7,Eldor Shomurodov,"€ 32,115","€ 1,670,000","€ 1,670,000",F,25,Uzbekistan,Genoa,Serie A,2020-2021
7,8,Stefano Sturaro,"€ 29,615","€ 1,540,000","€ 1,540,000",M,27,Italy,Genoa,Serie A,2020-2021
8,9,Mattia Perin,"€ 28,462","€ 1,480,000","€ 1,480,000",K,27,Italy,Genoa,Serie A,2020-2021
9,10,Luca Pellegrini,"€ 28,462","€ 1,480,000","€ 1,480,000",D,21,Italy,Genoa,Serie A,2020-2021
10,11,Marko Pjaca,"€ 28,462","€ 1,480,000","€ 1,480,000",F,25,Croatia,Genoa,Serie A,2020-2021
11,12,Davide Biraschi,"€ 25,000","€ 1,300,000","€ 1,300,000",D,26,Italy,Genoa,Serie A,2020-2021
12,13,Andrea Masiello,"€ 25,000","€ 1,300,000","€ 1,300,000",D,34,Italy,Genoa,Serie A,2020-2021
13,14,Lukas Lerager,"€ 25,000","€ 1,300,000","€ 1,300,000",M,27,Denmark,Genoa,Serie A,2020-2021
14,15,Mattia Bani,"€ 25,000","€ 1,300,000","€ 1,300,000",D,26,Italy,Genoa,Serie A,2020-2021
15,16,Vittorio Parigini,"€ 21,346","€ 1,110,000","€ 1,110,000",F,24,Italy,Genoa,Serie A,2020-2021
16,17,Francesco Cassata,"€ 21,346","€ 1,110,000","€ 1,110,000",M,23,Italy,Genoa,Serie A,2020-2021
17,18,Ivan Radovanovic,"€ 21,346","€ 1,110,000","€ 1,110,000",M,32,Serbia,Genoa,Serie A,2020-2021
18,19,Manolo Portanova,"€ 21,346","€ 1,110,000","€ 1,110,000",F,20,Italy,Genoa,Serie A,2020-2021
19,20,Paolo Ghiglione,"€ 21,346","€ 1,110,000","€ 1,110,000",D,23,Italy,Genoa,Serie A,2020-2021
20,21,Mattia Destro,"€ 19,615","€ 1,020,000","€ 1,020,000",F,29,Italy,Genoa,Serie A,2020-2021
21,22,Goran Pandev,"€ 17,885","€ 930,000","€ 930,000",F,37,North Macedonia,Genoa,Serie A,2020-2021
22,23,Valon Behrami,"€ 17,885","€ 930,000","€ 930,000",M,35,Switzerland,Genoa,Serie A,2020-2021
23,24,Edoardo Goldaniga,"€ 17,885","€ 930,000","€ 930,000",D,26,Italy,Genoa,Serie A,2020-2021
24,25,Miha Zajc,"€ 14,808","€ 770,000","€ 770,000",F,26,Slovenia,Genoa,Serie A,2020-2021
25,26,Federico Marchetti,"€ 14,231","€ 740,000","€ 740,000",K,37,Italy,Genoa,Serie A,2020-2021
26,27,Ivan Lakicevic,"€ 10,192","€ 530,000","€ 530,000",D,27,Serbia,Genoa,Serie A,2020-2021
27,28,Gianluca Scamacca,"€ 10,000","€ 520,000","€ 520,000",F,21,Italy,Genoa,Serie A,2020-2021
28,29,Petar Brlek,"€ 9,808","€ 510,000","€ 510,000",M,26,Croatia,Genoa,Serie A,2020-2021
29,30,Lennart Czyborra,"€ 9,808","€ 510,000","€ 510,000",D,21,Germany,Genoa,Serie A,2020-2021
30,31,Lukas Zima,"€ 7,115","€ 370,000","€ 370,000",K,26,Czech Republic,Genoa,Serie A,2020-2021
31,32,Claudiu Micovschi,"€ 4,231","€ 220,000","€ 220,000",M,21,Romania,Genoa,Serie A,2020-2021
32,33,Darian Males,"€ 4,231","€ 220,000","€ 220,000",F,19,Switzerland,Genoa,Serie A,2020-2021
33,34,Alberto Paleari,"€ 3,269","€ 170,000","€ 170,000",K,28,Italy,Genoa,Serie A,2020-2021
34,35,Giuseppe Caso,"€ 1,346","€ 70,000","€ 70,000",F,21,Italy,Genoa,Serie A,2020-2021
35,36,Filippo Melegoni,€ 962,"€ 50,000","€ 50,000",M,21,Italy,Genoa,Serie A,2020-2021
36,37,Nicolò Rovella,€ 769,"€ 40,000","€ 40,000",M,18,Italy,Genoa,Serie A,2020-2021
37,38,Jérôme Onguéné,€ 0,€ 0,€ 0,D,23,Cameroon,Genoa,Serie A,2020-2021
0,1,Nikola Kalinic,"€ 53,462","€ 2,780,000","€ 2,780,000",F,32,Croatia,Hellas Verona,Serie A,2020-2021
1,2,Marco Benassi,"€ 39,231","€ 2,040,000","€ 2,040,000",M,26,Italy,Hellas Verona,Serie A,2020-2021
2,3,Stefano Sturaro,"€ 29,615","€ 1,540,000","€ 1,540,000",M,27,Italy,Hellas Verona,Serie A,2020-2021
3,4,Kevin Lasagna,"€ 25,000","€ 1,300,000","€ 1,300,000",F,28,Italy,Hellas Verona,Serie A,2020-2021
4,5,Samuel Di Carmine,"€ 25,000","€ 1,300,000","€ 1,300,000",F,32,Italy,Hellas Verona,Serie A,2020-2021
5,6,Andrea Favilli,"€ 25,000","€ 1,300,000","€ 1,300,000",F,23,Italy,Hellas Verona,Serie A,2020-2021
6,7,Giangiacomo Magnani,"€ 21,346","€ 1,110,000","€ 1,110,000",D,25,Italy,Hellas Verona,Serie A,2020-2021
7,8,Koray Günter,"€ 21,346","€ 1,110,000","€ 1,110,000",D,26,Germany,Hellas Verona,Serie A,2020-2021
8,9,Darko Lazovic,"€ 21,346","€ 1,110,000","€ 1,110,000",M,30,Serbia,Hellas Verona,Serie A,2020-2021
9,10,Antonin Barak,"€ 17,885","€ 930,000","€ 930,000",M,25,Czech Republic,Hellas Verona,Serie A,2020-2021
10,11,Miguel Veloso,"€ 17,885","€ 930,000","€ 930,000",M,34,Portugal,Hellas Verona,Serie A,2020-2021
11,12,Mattia Zaccagni,"€ 17,885","€ 930,000","€ 930,000",F,25,Italy,Hellas Verona,Serie A,2020-2021
12,13,Federico Ceccherini,"€ 17,885","€ 930,000","€ 930,000",D,28,Italy,Hellas Verona,Serie A,2020-2021
13,14,Federico Dimarco,"€ 17,885","€ 930,000","€ 930,000",D,22,Italy,Hellas Verona,Serie A,2020-2021
14,15,Emmanuel Badu,"€ 17,885","€ 930,000","€ 930,000",M,29,Ghana,Hellas Verona,Serie A,2020-2021
15,16,Ronaldo Vieira,"€ 17,885","€ 930,000","€ 930,000",M,22,England,Hellas Verona,Serie A,2020-2021
16,17,Davide Faraoni,"€ 17,885","€ 930,000","€ 930,000",D,28,Italy,Hellas Verona,Serie A,2020-2021
17,18,Marco Silvestri,"€ 17,885","€ 930,000","€ 930,000",K,29,Italy,Hellas Verona,Serie A,2020-2021
18,19,Daniel Bessa,"€ 15,962","€ 830,000","€ 830,000",M,28,Italy,Hellas Verona,Serie A,2020-2021
19,20,Luigi Vitale,"€ 14,615","€ 760,000","€ 760,000",D,33,Italy,Hellas Verona,Serie A,2020-2021
20,21,Alan Empereur,"€ 14,231","€ 740,000","€ 740,000",D,26,Brazil,Hellas Verona,Serie A,2020-2021
21,22,Antonio Di Gaudio,"€ 14,231","€ 740,000","€ 740,000",F,31,Italy,Hellas Verona,Serie A,2020-2021
22,23,Adrien Tamèze,"€ 12,308","€ 640,000","€ 640,000",M,26,Cameroon,Hellas Verona,Serie A,2020-2021
23,24,Kevin Rüegg,"€ 7,308","€ 380,000","€ 380,000",M,22,Switzerland,Hellas Verona,Serie A,2020-2021
24,25,Pawel Dawidowicz,"€ 7,308","€ 380,000","€ 380,000",D,25,Poland,Hellas Verona,Serie A,2020-2021
25,26,Ebrima Colley,"€ 7,115","€ 370,000","€ 370,000",F,20,The Gambia,Hellas Verona,Serie A,2020-2021
26,27,Eddie Salcedo,"€ 7,115","€ 370,000","€ 370,000",F,19,Italy,Hellas Verona,Serie A,2020-2021
27,28,Mert Cetin,"€ 6,154","€ 320,000","€ 320,000",D,23,Turkey,Hellas Verona,Serie A,2020-2021
28,29,Ivan Ilic,"€ 6,154","€ 320,000","€ 320,000",M,19,Serbia,Hellas Verona,Serie A,2020-2021
29,30,Karim Laribi,"€ 5,769","€ 300,000","€ 300,000",F,29,Tunisia,Hellas Verona,Serie A,2020-2021
30,31,Alessandro Berardi,"€ 5,385","€ 280,000","€ 280,000",K,29,Italy,Hellas Verona,Serie A,2020-2021
31,32,Andrea Danzi,"€ 4,231","€ 220,000","€ 220,000",M,21,Italy,Hellas Verona,Serie A,2020-2021
32,33,Ivor Pandur,"€ 3,654","€ 190,000","€ 190,000",K,20,Croatia,Hellas Verona,Serie A,2020-2021
33,34,Matteo Lovato,"€ 2,885","€ 150,000","€ 150,000",D,20,Italy,Hellas Verona,Serie A,2020-2021
34,35,Bruno Amione,"€ 2,500","€ 130,000","€ 130,000",D,18,Argentina,Hellas Verona,Serie A,2020-2021
35,36,Destiny Udogie,€ 769,"€ 40,000","€ 40,000",D,17,Italy,Hellas Verona,Serie A,2020-2021
36,37,Nicola Borghetto,€ 769,"€ 40,000","€ 40,000",K,20,Italy,Hellas Verona,Serie A,2020-2021
0,1,Romelu Lukaku,"€ 185,000","€ 9,620,000","€ 9,620,000",F,27,Belgium,Inter Milan,Serie A,2020-2021
1,2,Christian Eriksen,"€ 185,000","€ 9,620,000","€ 9,620,000",F,28,Denmark,Inter Milan,Serie A,2020-2021
2,3,Ivan Perisic,"€ 178,077","€ 9,260,000","€ 9,260,000",F,31,Croatia,Inter Milan,Serie A,2020-2021
3,4,Alexis Sánchez,"€ 172,500","€ 8,970,000","€ 8,970,000",F,31,Chile,Inter Milan,Serie A,2020-2021
4,5,Radja Nainggolan,"€ 160,192","€ 8,330,000","€ 8,330,000",F,32,Belgium,Inter Milan,Serie A,2020-2021
5,6,Arturo Vidal,"€ 160,192","€ 8,330,000","€ 8,330,000",M,33,Chile,Inter Milan,Serie A,2020-2021
6,7,Stefan de Vrij,"€ 135,385","€ 7,040,000","€ 7,040,000",D,28,Netherlands,Inter Milan,Serie A,2020-2021
7,8,Marcelo Brozovic,"€ 124,615","€ 6,480,000","€ 6,480,000",M,27,Croatia,Inter Milan,Serie A,2020-2021
8,9,Achraf Hakimi,"€ 123,269","€ 6,410,000","€ 6,410,000",M,21,Morocco,Inter Milan,Serie A,2020-2021
9,10,Samir Handanovic,"€ 114,038","€ 5,930,000","€ 5,930,000",K,36,Slovenia,Inter Milan,Serie A,2020-2021
10,11,Milan Skriniar,"€ 106,923","€ 5,560,000","€ 5,560,000",D,25,Slovakia,Inter Milan,Serie A,2020-2021
11,12,Aleksandar Kolarov,"€ 106,923","€ 5,560,000","€ 5,560,000",D,34,Serbia,Inter Milan,Serie A,2020-2021
12,13,Alessandro Bastoni,"€ 99,615","€ 5,180,000","€ 5,180,000",D,21,Italy,Inter Milan,Serie A,2020-2021
13,14,Lautaro Martínez,"€ 89,038","€ 4,630,000","€ 4,630,000",F,23,Argentina,Inter Milan,Serie A,2020-2021
14,15,Nicolò Barella,"€ 89,038","€ 4,630,000","€ 4,630,000",M,23,Italy,Inter Milan,Serie A,2020-2021
15,16,Matías Vecino,"€ 89,038","€ 4,630,000","€ 4,630,000",M,29,Uruguay,Inter Milan,Serie A,2020-2021
16,17,Ashley Young,"€ 74,038","€ 3,850,000","€ 3,850,000",M,35,England,Inter Milan,Serie A,2020-2021
17,18,Stefano Sensi,"€ 71,154","€ 3,700,000","€ 3,700,000",M,25,Italy,Inter Milan,Serie A,2020-2021
18,19,Andrea Pinamonti,"€ 71,154","€ 3,700,000","€ 3,700,000",F,21,Italy,Inter Milan,Serie A,2020-2021
19,20,Danilo D'Ambrosio,"€ 71,154","€ 3,700,000","€ 3,700,000",D,32,Italy,Inter Milan,Serie A,2020-2021
20,21,Andrea Ranocchia,"€ 64,038","€ 3,330,000","€ 3,330,000",D,32,Italy,Inter Milan,Serie A,2020-2021
21,22,Roberto Gagliardini,"€ 53,462","€ 2,780,000","€ 2,780,000",M,26,Italy,Inter Milan,Serie A,2020-2021
22,23,Matteo Darmian,"€ 49,231","€ 2,560,000","€ 2,560,000",D,30,Italy,Inter Milan,Serie A,2020-2021
23,24,Ionut Radu,"€ 35,577","€ 1,850,000","€ 1,850,000",K,23,Romania,Inter Milan,Serie A,2020-2021
24,25,Ionuț Radu,"€ 35,577","€ 1,850,000","€ 1,850,000",K,23,Romania,Inter Milan,Serie A,2020-2021
25,26,Daniele Padelli,"€ 17,885","€ 930,000","€ 930,000",K,34,Italy,Inter Milan,Serie A,2020-2021
26,27,Axel Bakayoko,"€ 5,769","€ 300,000","€ 300,000",F,22,France,Inter Milan,Serie A,2020-2021
27,28,Filip Stankovic,"€ 2,885","€ 150,000","€ 150,000",K,18,Serbia,Inter Milan,Serie A,2020-2021
0,1,Cristiano Ronaldo,"€ 1,104,038","€ 57,410,000","€ 57,410,000",F,35,Portugal,Juventus,Serie A,2020-2021
1,2,Paulo Dybala,"€ 260,000","€ 13,520,000","€ 13,520,000",F,26,Argentina,Juventus,Serie A,2020-2021
2,3,Leonardo Bonucci,"€ 231,538","€ 12,040,000","€ 12,040,000",D,33,Italy,Juventus,Serie A,2020-2021
3,4,Wojciech Szczesny,"€ 231,538","€ 12,040,000","€ 12,040,000",K,30,Poland,Juventus,Serie A,2020-2021
4,5,Sami Khedira,"€ 213,654","€ 11,110,000","€ 11,110,000",M,33,Germany,Juventus,Serie A,2020-2021
5,6,Alex Sandro,"€ 213,654","€ 11,110,000","€ 11,110,000",D,29,Brazil,Juventus,Serie A,2020-2021
6,7,Matthijs de Ligt,"€ 197,308","€ 10,260,000","€ 10,260,000",D,21,Netherlands,Juventus,Serie A,2020-2021
7,8,Juan Cuadrado,"€ 178,077","€ 9,260,000","€ 9,260,000",D,32,Colombia,Juventus,Serie A,2020-2021
8,9,Federico Chiesa,"€ 178,077","€ 9,260,000","€ 9,260,000",F,22,Italy,Juventus,Serie A,2020-2021
9,10,Aaron Ramsey,"€ 172,500","€ 8,970,000","€ 8,970,000",M,29,Wales,Juventus,Serie A,2020-2021
10,11,Adrien Rabiot,"€ 172,500","€ 8,970,000","€ 8,970,000",M,25,France,Juventus,Serie A,2020-2021
11,12,Federico Bernardeschi,"€ 142,500","€ 7,410,000","€ 7,410,000",F,26,Italy,Juventus,Serie A,2020-2021
12,13,Giorgio Chiellini,"€ 124,615","€ 6,480,000","€ 6,480,000",D,36,Italy,Juventus,Serie A,2020-2021
13,14,Álvaro Morata,"€ 123,269","€ 6,410,000","€ 6,410,000",F,27,Spain,Juventus,Serie A,2020-2021
14,15,Arthur,"€ 123,269","€ 6,410,000","€ 6,410,000",M,24,Brazil,Juventus,Serie A,2020-2021
15,16,Danilo,"€ 98,654","€ 5,130,000","€ 5,130,000",D,29,Brazil,Juventus,Serie A,2020-2021
16,17,Dejan Kulusevski,"€ 89,038","€ 4,630,000","€ 4,630,000",F,20,Sweden,Juventus,Serie A,2020-2021
17,18,Rodrigo Bentancur,"€ 89,038","€ 4,630,000","€ 4,630,000",M,23,Uruguay,Juventus,Serie A,2020-2021
18,19,Merih Demiral,"€ 64,038","€ 3,330,000","€ 3,330,000",D,22,Turkey,Juventus,Serie A,2020-2021
19,20,Weston McKennie,"€ 61,731","€ 3,210,000","€ 3,210,000",M,22,United States,Juventus,Serie A,2020-2021
20,21,Gianluigi Buffon,"€ 53,462","€ 2,780,000","€ 2,780,000",K,42,Italy,Juventus,Serie A,2020-2021
21,22,Radu Drăgușin,"€ 18,269","€ 950,000","€ 950,000",D,19,Romania,Juventus,Serie A,2020-2021
22,23,Carlo Pinsoglio,"€ 10,769","€ 560,000","€ 560,000",K,30,Italy,Juventus,Serie A,2020-2021
23,24,Gianluca Frabotta,"€ 3,654","€ 190,000","€ 190,000",D,21,Italy,Juventus,Serie A,2020-2021
24,25,Stefano Gori,"€ 1,154","€ 60,000","€ 60,000",K,24,Italy,Juventus,Serie A,2020-2021
0,1,Ciro Immobile,"€ 142,500","€ 7,410,000","€ 7,410,000",F,30,Italy,Lazio,Serie A,2020-2021
1,2,Sergej Milinkovic-Savic,"€ 114,038","€ 5,930,000","€ 5,930,000",M,25,Serbia,Lazio,Serie A,2020-2021
2,3,Joaquín Correa,"€ 89,038","€ 4,630,000","€ 4,630,000",F,26,Argentina,Lazio,Serie A,2020-2021
3,4,Luis Alberto,"€ 89,038","€ 4,630,000","€ 4,630,000",F,28,Spain,Lazio,Serie A,2020-2021
4,5,Francesco Acerbi,"€ 89,038","€ 4,630,000","€ 4,630,000",D,32,Italy,Lazio,Serie A,2020-2021
5,6,Lucas Leiva,"€ 81,923","€ 4,260,000","€ 4,260,000",M,33,Brazil,Lazio,Serie A,2020-2021
6,7,Mateo Musacchio,"€ 71,154","€ 3,700,000","€ 3,700,000",D,30,Argentina,Lazio,Serie A,2020-2021
7,8,Felipe Caicedo,"€ 71,154","€ 3,700,000","€ 3,700,000",F,32,Ecuador,Lazio,Serie A,2020-2021
8,9,Pepe Reina,"€ 71,154","€ 3,700,000","€ 3,700,000",K,38,Spain,Lazio,Serie A,2020-2021
9,10,Andreas Pereira,"€ 61,731","€ 3,210,000","€ 3,210,000",F,24,Brazil,Lazio,Serie A,2020-2021
10,11,Vedat Muriqi,"€ 54,231","€ 2,820,000","€ 2,820,000",F,26,Kosovo,Lazio,Serie A,2020-2021
11,12,Manuel Lazzari,"€ 53,462","€ 2,780,000","€ 2,780,000",M,26,Italy,Lazio,Serie A,2020-2021
12,13,Stefan Radu,"€ 49,808","€ 2,590,000","€ 2,590,000",D,33,Romania,Lazio,Serie A,2020-2021
13,14,Danilo Cataldi,"€ 49,808","€ 2,590,000","€ 2,590,000",M,26,Italy,Lazio,Serie A,2020-2021
14,15,Thomas Strakosha,"€ 42,692","€ 2,220,000","€ 2,220,000",K,25,Albania,Lazio,Serie A,2020-2021
15,16,Marco Parolo,"€ 42,692","€ 2,220,000","€ 2,220,000",M,35,Italy,Lazio,Serie A,2020-2021
16,17,Mohamed Fares,"€ 42,692","€ 2,220,000","€ 2,220,000",M,24,Algeria,Lazio,Serie A,2020-2021
17,18,Senad Lulic,"€ 42,692","€ 2,220,000","€ 2,220,000",M,34,Bosnia-Herzegovina,Lazio,Serie A,2020-2021
18,19,Riza Durmisi,"€ 35,577","€ 1,850,000","€ 1,850,000",D,26,Denmark,Lazio,Serie A,2020-2021
19,20,Silvio Proto,"€ 35,577","€ 1,850,000","€ 1,850,000",K,37,Belgium,Lazio,Serie A,2020-2021
20,21,Bastos,"€ 35,577","€ 1,850,000","€ 1,850,000",D,29,Angola,Lazio,Serie A,2020-2021
21,22,Patric,"€ 35,577","€ 1,850,000","€ 1,850,000",D,27,Spain,Lazio,Serie A,2020-2021
22,23,Gonzalo Escalante,"€ 34,423","€ 1,790,000","€ 1,790,000",M,27,Argentina,Lazio,Serie A,2020-2021
23,24,Wesley Hoedt,"€ 34,423","€ 1,790,000","€ 1,790,000",D,26,Netherlands,Lazio,Serie A,2020-2021
24,25,Davide Di Gennaro,"€ 32,115","€ 1,670,000","€ 1,670,000",M,32,Italy,Lazio,Serie A,2020-2021
25,26,Adam Marusic,"€ 32,115","€ 1,670,000","€ 1,670,000",D,27,Montenegro,Lazio,Serie A,2020-2021
26,27,Luiz Felipe,"€ 28,462","€ 1,480,000","€ 1,480,000",D,23,Brazil,Lazio,Serie A,2020-2021
27,28,Denis Vavro,"€ 24,615","€ 1,280,000","€ 1,280,000",D,24,Slovakia,Lazio,Serie A,2020-2021
28,29,Nicolò Armini,"€ 17,885","€ 930,000","€ 930,000",D,19,Italy,Lazio,Serie A,2020-2021
29,30,Djavan Anderson,"€ 17,885","€ 930,000","€ 930,000",M,25,Netherlands,Lazio,Serie A,2020-2021
30,31,Sofian Kiyine,"€ 17,885","€ 930,000","€ 930,000",M,23,Morocco,Lazio,Serie A,2020-2021
31,32,Jean-Daniel Akpa Akpro,"€ 17,885","€ 930,000","€ 930,000",M,27,Cote d'Ivoire,Lazio,Serie A,2020-2021
32,33,Joseph Marie Minala,"€ 14,231","€ 740,000","€ 740,000",M,24,Cameroon,Lazio,Serie A,2020-2021
33,34,Marco Alia,"€ 1,731","€ 90,000","€ 90,000",K,20,Albania,Lazio,Serie A,2020-2021
34,35,Madiu Bari,€ 769,"€ 40,000","€ 40,000",M,22,Portugal,Lazio,Serie A,2020-2021
35,36,Abukar Mohamed,€ 769,"€ 40,000","€ 40,000",M,22,Finland,Lazio,Serie A,2020-2021
0,1,Kalidou Koulibaly,"€ 213,654","€ 11,110,000","€ 11,110,000",D,29,Senegal,Napoli,Serie A,2020-2021
1,2,Lorenzo Insigne,"€ 163,846","€ 8,520,000","€ 8,520,000",F,29,Italy,Napoli,Serie A,2020-2021
2,3,Dries Mertens,"€ 160,192","€ 8,330,000","€ 8,330,000",F,33,Belgium,Napoli,Serie A,2020-2021
3,4,Konstantinos Manolas,"€ 142,500","€ 7,410,000","€ 7,410,000",D,29,Greece,Napoli,Serie A,2020-2021
4,5,Piotr Zielinski,"€ 124,615","€ 6,480,000","€ 6,480,000",M,26,Poland,Napoli,Serie A,2020-2021
5,6,Victor Osimhen,"€ 98,654","€ 5,130,000","€ 5,130,000",F,21,Nigeria,Napoli,Serie A,2020-2021
6,7,Hirving Lozano,"€ 98,654","€ 5,130,000","€ 5,130,000",F,25,Mexico,Napoli,Serie A,2020-2021
7,8,Arkadiusz Milik,"€ 89,038","€ 4,630,000","€ 4,630,000",F,26,Poland,Napoli,Serie A,2020-2021
8,9,Faouzi Ghoulam,"€ 85,385","€ 4,440,000","€ 4,440,000",D,29,Algeria,Napoli,Serie A,2020-2021
9,10,Giovanni Di Lorenzo,"€ 81,923","€ 4,260,000","€ 4,260,000",D,27,Italy,Napoli,Serie A,2020-2021
10,11,Matteo Politano,"€ 78,269","€ 4,070,000","€ 4,070,000",F,27,Italy,Napoli,Serie A,2020-2021
11,12,Mário Rui,"€ 74,808","€ 3,890,000","€ 3,890,000",D,29,Portugal,Napoli,Serie A,2020-2021
12,13,Andrea Petagna,"€ 64,038","€ 3,330,000","€ 3,330,000",F,25,Italy,Napoli,Serie A,2020-2021
13,14,Diego Demme,"€ 61,731","€ 3,210,000","€ 3,210,000",M,28,Germany,Napoli,Serie A,2020-2021
14,15,Fernando Llorente,"€ 61,731","€ 3,210,000","€ 3,210,000",F,35,Spain,Napoli,Serie A,2020-2021
15,16,Elseid Hysaj,"€ 56,923","€ 2,960,000","€ 2,960,000",D,26,Albania,Napoli,Serie A,2020-2021
16,17,Fabián Ruiz,"€ 53,462","€ 2,780,000","€ 2,780,000",M,24,Spain,Napoli,Serie A,2020-2021
17,18,Stanislav Lobotka,"€ 49,231","€ 2,560,000","€ 2,560,000",M,25,Slovakia,Napoli,Serie A,2020-2021
18,19,Tiemoué Bakayoko,"€ 49,231","€ 2,560,000","€ 2,560,000",M,26,France,Napoli,Serie A,2020-2021
19,20,Amir Rrahmani,"€ 44,423","€ 2,310,000","€ 2,310,000",D,26,Kosovo,Napoli,Serie A,2020-2021
20,21,Nikola Maksimovic,"€ 42,692","€ 2,220,000","€ 2,220,000",D,28,Serbia,Napoli,Serie A,2020-2021
21,22,Eljif Elmas,"€ 36,923","€ 1,920,000","€ 1,920,000",M,21,North Macedonia,Napoli,Serie A,2020-2021
22,23,Alex Meret,"€ 35,577","€ 1,850,000","€ 1,850,000",K,23,Italy,Napoli,Serie A,2020-2021
23,24,David Ospina,"€ 34,423","€ 1,790,000","€ 1,790,000",K,32,Colombia,Napoli,Serie A,2020-2021
24,25,Kévin Malcuit,"€ 28,462","€ 1,480,000","€ 1,480,000",D,29,France,Napoli,Serie A,2020-2021
25,26,Nikita Contini,"€ 10,769","€ 560,000","€ 560,000",K,24,Italy,Napoli,Serie A,2020-2021
0,1,Andrea Conti,"€ 71,154","€ 3,700,000","€ 3,700,000",D,26,Italy,Parma,Serie A,2020-2021
1,2,Roberto Inglese,"€ 49,808","€ 2,590,000","€ 2,590,000",F,28,Italy,Parma,Serie A,2020-2021
2,3,Gervinho,"€ 46,346","€ 2,410,000","€ 2,410,000",F,33,Cote d'Ivoire,Parma,Serie A,2020-2021
3,4,Yann Karamoh,"€ 42,692","€ 2,220,000","€ 2,220,000",F,22,France,Parma,Serie A,2020-2021
4,5,Andreas Cornelius,"€ 35,577","€ 1,850,000","€ 1,850,000",F,27,Denmark,Parma,Serie A,2020-2021
5,6,Jasmin Kurtic,"€ 35,577","€ 1,850,000","€ 1,850,000",M,31,Slovenia,Parma,Serie A,2020-2021
6,7,Dennis Man,"€ 34,615","€ 1,800,000","€ 1,800,000",F,22,Romania,Parma,Serie A,2020-2021
7,8,Alberto Grassi,"€ 32,115","€ 1,670,000","€ 1,670,000",M,25,Italy,Parma,Serie A,2020-2021
8,9,Luigi Sepe,"€ 32,115","€ 1,670,000","€ 1,670,000",K,29,Italy,Parma,Serie A,2020-2021
9,10,Joshua Zirkzee,"€ 32,115","€ 1,670,000","€ 1,670,000",F,19,Netherlands,Parma,Serie A,2020-2021
10,11,Hernani,"€ 29,615","€ 1,540,000","€ 1,540,000",M,26,Brazil,Parma,Serie A,2020-2021
11,12,Juraj Kucka,"€ 29,615","€ 1,540,000","€ 1,540,000",M,33,Slovakia,Parma,Serie A,2020-2021
12,13,Mattia Bani,"€ 25,000","€ 1,300,000","€ 1,300,000",D,27,Italy,Parma,Serie A,2020-2021
13,14,Graziano Pellè,"€ 24,615","€ 1,280,000","€ 1,280,000",F,35,Italy,Parma,Serie A,2020-2021
14,15,Bruno Alves,"€ 21,346","€ 1,110,000","€ 1,110,000",D,38,Portugal,Parma,Serie A,2020-2021
15,16,Wylan Cyprien,"€ 17,308","€ 900,000","€ 900,000",M,25,France,Parma,Serie A,2020-2021
16,17,Vincent Laurini,"€ 17,115","€ 890,000","€ 890,000",D,31,France,Parma,Serie A,2020-2021
17,18,Giuseppe Pezzella,"€ 15,962","€ 830,000","€ 830,000",D,22,Italy,Parma,Serie A,2020-2021
18,19,Mattia Sprocati,"€ 15,962","€ 830,000","€ 830,000",F,27,Italy,Parma,Serie A,2020-2021
19,20,Riccardo Gagliolo,"€ 15,962","€ 830,000","€ 830,000",D,30,Sweden,Parma,Serie A,2020-2021
20,21,Jacopo Dezi,"€ 15,000","€ 780,000","€ 780,000",M,28,Italy,Parma,Serie A,2020-2021
21,22,Yordan Osorio,"€ 14,808","€ 770,000","€ 770,000",D,26,Venezuela,Parma,Serie A,2020-2021
22,23,Maxime Busi,"€ 14,808","€ 770,000","€ 770,000",D,20,Belgium,Parma,Serie A,2020-2021
23,24,Matteo Scozzarella,"€ 12,500","€ 650,000","€ 650,000",M,32,Italy,Parma,Serie A,2020-2021
24,25,Juan Brunetta,"€ 12,308","€ 640,000","€ 640,000",F,23,Argentina,Parma,Serie A,2020-2021
25,26,Lautaro Valenti,"€ 12,308","€ 640,000","€ 640,000",D,21,Argentina,Parma,Serie A,2020-2021
26,27,Gastón Brugman,"€ 12,115","€ 630,000","€ 630,000",M,28,Uruguay,Parma,Serie A,2020-2021
27,28,Simone Iacoponi,"€ 11,346","€ 590,000","€ 590,000",D,33,Italy,Parma,Serie A,2020-2021
28,29,Valentin Mihaila,"€ 11,154","€ 580,000","€ 580,000",F,20,Romania,Parma,Serie A,2020-2021
29,30,Valentin Mihăilă,"€ 11,154","€ 580,000","€ 580,000",F,21,Romania,Parma,Serie A,2020-2021
30,31,Hans Nicolussi Caviglia,"€ 10,769","€ 560,000","€ 560,000",M,20,Italy,Parma,Serie A,2020-2021
31,32,Simon Sohm,"€ 9,808","€ 510,000","€ 510,000",M,19,Switzerland,Parma,Serie A,2020-2021
32,33,Botond Balogh,"€ 9,615","€ 500,000","€ 500,000",D,18,Hungary,Parma,Serie A,2020-2021
33,34,Simone Colombi,"€ 7,115","€ 370,000","€ 370,000",K,29,Italy,Parma,Serie A,2020-2021
34,35,Daan Dierckx,"€ 5,192","€ 270,000","€ 270,000",D,18,Belgium,Parma,Serie A,2020-2021
35,36,Giacomo Ricci,"€ 3,846","€ 200,000","€ 200,000",D,24,Italy,Parma,Serie A,2020-2021
36,37,Vasilios Zagaritis,"€ 3,654","€ 190,000","€ 190,000",D,19,Greece,Parma,Serie A,2020-2021
37,38,Giuseppe Carriero,"€ 3,269","€ 170,000","€ 170,000",M,23,Italy,Parma,Serie A,2020-2021
38,39,Andrea Adorante,"€ 2,885","€ 150,000","€ 150,000",F,20,Italy,Parma,Serie A,2020-2021
39,40,Filippo Rinaldi,"€ 2,885","€ 150,000","€ 150,000",K,18,Italy,Parma,Serie A,2020-2021
40,41,Andrea Dini,"€ 2,885","€ 150,000","€ 150,000",K,24,Italy,Parma,Serie A,2020-2021
41,42,Reinaldo Radu,€ 769,"€ 40,000","€ 40,000",D,18,Romania,Parma,Serie A,2020-2021
42,43,Marcello Gazzola,€ 0,€ 0,€ 0,D,35,Italy,Parma,Serie A,2020-2021
0,1,Edin Dzeko,"€ 267,115","€ 13,890,000","€ 13,890,000",F,34,Bosnia-Herzegovina,Roma,Serie A,2020-2021
1,2,Javier Pastore,"€ 160,192","€ 8,330,000","€ 8,330,000",F,31,Argentina,Roma,Serie A,2020-2021
2,3,Stephan El Shaarawy,"€ 124,615","€ 6,480,000","€ 6,480,000",F,28,Italy,Roma,Serie A,2020-2021
3,4,Leonardo Spinazzola,"€ 106,923","€ 5,560,000","€ 5,560,000",D,27,Italy,Roma,Serie A,2020-2021
4,5,Jordan Veretout,"€ 106,923","€ 5,560,000","€ 5,560,000",M,27,France,Roma,Serie A,2020-2021
5,6,Chris Smalling,"€ 93,654","€ 4,870,000","€ 4,870,000",D,30,England,Roma,Serie A,2020-2021
6,7,Amadou Diawara,"€ 89,038","€ 4,630,000","€ 4,630,000",M,23,Guinea,Roma,Serie A,2020-2021
7,8,Federico Fazio,"€ 89,038","€ 4,630,000","€ 4,630,000",D,33,Argentina,Roma,Serie A,2020-2021
8,9,Nicolò Zaniolo,"€ 89,038","€ 4,630,000","€ 4,630,000",F,21,Italy,Roma,Serie A,2020-2021
9,10,Henrikh Mkhitaryan,"€ 86,346","€ 4,490,000","€ 4,490,000",F,31,Armenia,Roma,Serie A,2020-2021
10,11,Lorenzo Pellegrini,"€ 81,923","€ 4,260,000","€ 4,260,000",M,24,Italy,Roma,Serie A,2020-2021
11,12,Juan Jesus,"€ 78,269","€ 4,070,000","€ 4,070,000",D,29,Brazil,Roma,Serie A,2020-2021
12,13,Rick Karsdorp,"€ 78,269","€ 4,070,000","€ 4,070,000",D,25,Netherlands,Roma,Serie A,2020-2021
13,14,Pau López,"€ 74,038","€ 3,850,000","€ 3,850,000",K,25,Spain,Roma,Serie A,2020-2021
14,15,Pedro,"€ 74,038","€ 3,850,000","€ 3,850,000",F,33,Spain,Roma,Serie A,2020-2021
15,16,Gianluca Mancini,"€ 71,154","€ 3,700,000","€ 3,700,000",D,24,Italy,Roma,Serie A,2020-2021
16,17,Bruno Peres,"€ 64,038","€ 3,330,000","€ 3,330,000",D,30,Brazil,Roma,Serie A,2020-2021
17,18,Bryan Cristante,"€ 64,038","€ 3,330,000","€ 3,330,000",M,25,Italy,Roma,Serie A,2020-2021
18,19,Marash Kumbulla,"€ 64,038","€ 3,330,000","€ 3,330,000",D,20,Albania,Roma,Serie A,2020-2021
19,20,Borja Mayoral,"€ 56,731","€ 2,950,000","€ 2,950,000",F,23,Spain,Roma,Serie A,2020-2021
20,21,Davide Santon,"€ 53,462","€ 2,780,000","€ 2,780,000",D,29,Italy,Roma,Serie A,2020-2021
21,22,Carles Pérez,"€ 49,231","€ 2,560,000","€ 2,560,000",F,22,Spain,Roma,Serie A,2020-2021
22,23,Roger Ibañez,"€ 36,923","€ 1,920,000","€ 1,920,000",D,21,Brazil,Roma,Serie A,2020-2021
23,24,Antonio Mirante,"€ 35,577","€ 1,850,000","€ 1,850,000",K,37,Italy,Roma,Serie A,2020-2021
24,25,Gonzalo Villar,"€ 29,615","€ 1,540,000","€ 1,540,000",M,22,Spain,Roma,Serie A,2020-2021
25,26,Riccardo Calafiori,"€ 26,731","€ 1,390,000","€ 1,390,000",D,18,Italy,Roma,Serie A,2020-2021
26,27,Daniel Fuzato,"€ 17,885","€ 930,000","€ 930,000",K,23,Brazil,Roma,Serie A,2020-2021
27,28,Bryan Reynolds,"€ 17,308","€ 900,000","€ 900,000",D,19,United States,Roma,Serie A,2020-2021
28,29,Pietro Boer,"€ 7,115","€ 370,000","€ 370,000",K,18,Italy,Roma,Serie A,2020-2021
29,30,Simone Farelli,€ 769,"€ 40,000","€ 40,000",K,37,Italy,Roma,Serie A,2020-2021
0,1,Antonio Candreva,"€ 46,346","€ 2,410,000","€ 2,410,000",M,33,Italy,Sampdoria,Serie A,2020-2021
1,2,Fabio Quagliarella,"€ 42,692","€ 2,220,000","€ 2,220,000",F,37,Italy,Sampdoria,Serie A,2020-2021
2,3,Albin Ekdal,"€ 39,231","€ 2,040,000","€ 2,040,000",M,31,Sweden,Sampdoria,Serie A,2020-2021
3,4,Gastón Ramírez,"€ 39,231","€ 2,040,000","€ 2,040,000",F,29,Uruguay,Sampdoria,Serie A,2020-2021
4,5,Lorenzo Tonelli,"€ 35,577","€ 1,850,000","€ 1,850,000",D,30,Italy,Sampdoria,Serie A,2020-2021
5,6,Omar Colley,"€ 33,846","€ 1,760,000","€ 1,760,000",D,27,The Gambia,Sampdoria,Serie A,2020-2021
6,7,Emil Audero,"€ 28,462","€ 1,480,000","€ 1,480,000",K,23,Italy,Sampdoria,Serie A,2020-2021
7,8,Ernesto Torregrossa,"€ 28,462","€ 1,480,000","€ 1,480,000",F,28,Italy,Sampdoria,Serie A,2020-2021
8,9,Jakub Jankto,"€ 28,462","€ 1,480,000","€ 1,480,000",M,24,Czech Republic,Sampdoria,Serie A,2020-2021
9,10,Adrien Silva,"€ 27,115","€ 1,410,000","€ 1,410,000",M,31,Portugal,Sampdoria,Serie A,2020-2021
10,11,Manolo Gabbiadini,"€ 27,115","€ 1,410,000","€ 1,410,000",F,28,Italy,Sampdoria,Serie A,2020-2021
11,12,Valerio Verre,"€ 25,000","€ 1,300,000","€ 1,300,000",M,26,Italy,Sampdoria,Serie A,2020-2021
12,13,Dodô,"€ 25,000","€ 1,300,000","€ 1,300,000",D,28,Brazil,Sampdoria,Serie A,2020-2021
13,14,Keita Baldé,"€ 24,615","€ 1,280,000","€ 1,280,000",F,25,Senegal,Sampdoria,Serie A,2020-2021
14,15,Maya Yoshida,"€ 24,615","€ 1,280,000","€ 1,280,000",D,32,Japan,Sampdoria,Serie A,2020-2021
15,16,Vasco Regini,"€ 17,885","€ 930,000","€ 930,000",D,30,Italy,Sampdoria,Serie A,2020-2021
16,17,Bartosz Bereszynski,"€ 15,962","€ 830,000","€ 830,000",D,28,Poland,Sampdoria,Serie A,2020-2021
17,18,Alex Ferrari,"€ 14,231","€ 740,000","€ 740,000",D,26,Italy,Sampdoria,Serie A,2020-2021
18,19,Antonino La Gumina,"€ 14,231","€ 740,000","€ 740,000",F,24,Italy,Sampdoria,Serie A,2020-2021
19,20,Morten Thorsby,"€ 12,308","€ 640,000","€ 640,000",M,24,Norway,Sampdoria,Serie A,2020-2021
20,21,Mehdi Léris,"€ 10,000","€ 520,000","€ 520,000",M,22,France,Sampdoria,Serie A,2020-2021
21,22,Tommaso Augello,"€ 8,846","€ 460,000","€ 460,000",D,26,Italy,Sampdoria,Serie A,2020-2021
22,23,Kaique Rocha,"€ 5,000","€ 260,000","€ 260,000",D,19,Brazil,Sampdoria,Serie A,2020-2021
23,24,Karlo Letica,"€ 5,000","€ 260,000","€ 260,000",K,23,Croatia,Sampdoria,Serie A,2020-2021
24,25,Nicola Ravaglia,"€ 3,654","€ 190,000","€ 190,000",K,31,Italy,Sampdoria,Serie A,2020-2021
25,26,Kristoffer Askildsen,"€ 2,500","€ 130,000","€ 130,000",M,19,Norway,Sampdoria,Serie A,2020-2021
26,27,Mikkel Damsgaard,"€ 2,500","€ 130,000","€ 130,000",F,20,Denmark,Sampdoria,Serie A,2020-2021
0,1,Domenico Berardi,"€ 64,038","€ 3,330,000","€ 3,330,000",F,26,Italy,Sassuolo,Serie A,2020-2021
1,2,Andrea Consigli,"€ 35,577","€ 1,850,000","€ 1,850,000",K,33,Italy,Sassuolo,Serie A,2020-2021
2,3,Grégoire Defrel,"€ 30,192","€ 1,570,000","€ 1,570,000",F,29,Martinique,Sassuolo,Serie A,2020-2021
3,4,Vlad Chiricheș,"€ 28,462","€ 1,480,000","€ 1,480,000",D,31,Romania,Sassuolo,Serie A,2020-2021
4,5,Francesco Caputo,"€ 28,462","€ 1,480,000","€ 1,480,000",F,33,Italy,Sassuolo,Serie A,2020-2021
5,6,Vlad Chiriches,"€ 28,462","€ 1,480,000","€ 1,480,000",D,30,Romania,Sassuolo,Serie A,2020-2021
6,7,Rogério,"€ 25,000","€ 1,300,000","€ 1,300,000",D,22,Brazil,Sassuolo,Serie A,2020-2021
7,8,Manuel Locatelli,"€ 25,000","€ 1,300,000","€ 1,300,000",M,22,Italy,Sassuolo,Serie A,2020-2021
8,9,Francesco Magnanelli,"€ 25,000","€ 1,300,000","€ 1,300,000",M,35,Italy,Sassuolo,Serie A,2020-2021
9,10,Filip Djuricic,"€ 25,000","€ 1,300,000","€ 1,300,000",F,28,Serbia,Sassuolo,Serie A,2020-2021
10,11,Jérémie Boga,"€ 21,346","€ 1,110,000","€ 1,110,000",F,23,Cote d'Ivoire,Sassuolo,Serie A,2020-2021
11,12,Marlon,"€ 21,346","€ 1,110,000","€ 1,110,000",D,25,Brazil,Sassuolo,Serie A,2020-2021
12,13,Gian Marco Ferrari,"€ 21,346","€ 1,110,000","€ 1,110,000",D,28,Italy,Sassuolo,Serie A,2020-2021
13,14,Federico Peluso,"€ 21,346","€ 1,110,000","€ 1,110,000",D,36,Italy,Sassuolo,Serie A,2020-2021
14,15,Mehdi Bourabia,"€ 21,346","€ 1,110,000","€ 1,110,000",M,29,Morocco,Sassuolo,Serie A,2020-2021
15,16,Pedro Obiang,"€ 20,962","€ 1,090,000","€ 1,090,000",M,28,Equatorial Guinea,Sassuolo,Serie A,2020-2021
16,17,Hamed Junior Traorè,"€ 17,885","€ 930,000","€ 930,000",F,20,Cote d'Ivoire,Sassuolo,Serie A,2020-2021
17,18,Federico Ricci,"€ 17,885","€ 930,000","€ 930,000",F,26,Italy,Sassuolo,Serie A,2020-2021
18,19,Gianluca Pegolo,"€ 17,885","€ 930,000","€ 930,000",K,39,Italy,Sassuolo,Serie A,2020-2021
19,20,Jeremy Toljan,"€ 17,308","€ 900,000","€ 900,000",D,26,Germany,Sassuolo,Serie A,2020-2021
20,21,Kaan Ayhan,"€ 14,808","€ 770,000","€ 770,000",D,25,Turkey,Sassuolo,Serie A,2020-2021
21,22,Maxime López,"€ 14,808","€ 770,000","€ 770,000",M,22,France,Sassuolo,Serie A,2020-2021
22,23,Filippo Romagna,"€ 14,231","€ 740,000","€ 740,000",D,23,Italy,Sassuolo,Serie A,2020-2021
23,24,Mert Müldür,"€ 9,808","€ 510,000","€ 510,000",D,21,Turkey,Sassuolo,Serie A,2020-2021
24,25,Georgios Kyriakopoulos,"€ 9,808","€ 510,000","€ 510,000",D,24,Greece,Sassuolo,Serie A,2020-2021
25,26,Lukas Haraslin,"€ 9,808","€ 510,000","€ 510,000",F,24,Slovakia,Sassuolo,Serie A,2020-2021
26,27,Giacomo Raspadori,"€ 7,115","€ 370,000","€ 370,000",F,20,Italy,Sassuolo,Serie A,2020-2021
27,28,Stefano Turati,"€ 5,385","€ 280,000","€ 280,000",K,19,Italy,Sassuolo,Serie A,2020-2021
28,29,Nicolás Schiappacasse,"€ 5,000","€ 260,000","€ 260,000",F,21,Uruguay,Sassuolo,Serie A,2020-2021
29,30,Brian Oddei,"€ 3,654","€ 190,000","€ 190,000",F,18,Italy,Sassuolo,Serie A,2020-2021
0,1,Diego Farias,"€ 35,577","€ 1,850,000","€ 1,850,000",F,30,Brazil,Spezia,Serie A,2020-2021
1,2,Jeroen Zoet,"€ 24,615","€ 1,280,000","€ 1,280,000",K,29,Netherlands,Spezia,Serie A,2020-2021
2,3,Riccardo Saponara,"€ 24,615","€ 1,280,000","€ 1,280,000",F,29,Italy,Spezia,Serie A,2020-2021
3,4,Ardian Ismajli,"€ 14,808","€ 770,000","€ 770,000",D,24,Albania,Spezia,Serie A,2020-2021
4,5,M'Bala Nzola,"€ 14,231","€ 740,000","€ 740,000",F,24,France,Spezia,Serie A,2020-2021
5,6,Kevin Agudelo,"€ 14,231","€ 740,000","€ 740,000",F,21,Colombia,Spezia,Serie A,2020-2021
6,7,Jacopo Sala,"€ 14,231","€ 740,000","€ 740,000",D,28,Italy,Spezia,Serie A,2020-2021
7,8,Andrej Galabinov,"€ 14,231","€ 740,000","€ 740,000",F,31,Bulgaria,Spezia,Serie A,2020-2021
8,9,Daniele Verde,"€ 14,231","€ 740,000","€ 740,000",F,24,Italy,Spezia,Serie A,2020-2021
9,10,Ivan Provedel,"€ 12,885","€ 670,000","€ 670,000",K,26,Italy,Spezia,Serie A,2020-2021
10,11,Juan Ramos,"€ 12,885","€ 670,000","€ 670,000",D,24,Uruguay,Spezia,Serie A,2020-2021
11,12,Tommaso Pobega,"€ 10,769","€ 560,000","€ 560,000",M,21,Italy,Spezia,Serie A,2020-2021
12,13,Cristian Dell'Orco,"€ 10,769","€ 560,000","€ 560,000",D,26,Italy,Spezia,Serie A,2020-2021
13,14,Elio Capradossi,"€ 10,769","€ 560,000","€ 560,000",D,24,Italy,Spezia,Serie A,2020-2021
14,15,Federico Mattiello,"€ 10,769","€ 560,000","€ 560,000",D,25,Italy,Spezia,Serie A,2020-2021
15,16,Rafael,"€ 10,769","€ 560,000","€ 560,000",K,38,Brazil,Spezia,Serie A,2020-2021
16,17,Riccardo Marchizza,"€ 10,769","€ 560,000","€ 560,000",D,22,Italy,Spezia,Serie A,2020-2021
17,18,Roberto Piccoli,"€ 10,769","€ 560,000","€ 560,000",F,19,Italy,Spezia,Serie A,2020-2021
18,19,Alessandro Deiola,"€ 10,769","€ 560,000","€ 560,000",M,25,Italy,Spezia,Serie A,2020-2021
19,20,Luca Mora,"€ 8,846","€ 460,000","€ 460,000",M,32,Italy,Spezia,Serie A,2020-2021
20,21,Claudio Terzi,"€ 8,846","€ 460,000","€ 460,000",D,36,Italy,Spezia,Serie A,2020-2021
21,22,Nahuel Estévez,"€ 8,654","€ 450,000","€ 450,000",M,24,Argentina,Spezia,Serie A,2020-2021
22,23,Lucien Agoume,"€ 8,654","€ 450,000","€ 450,000",M,18,France,Spezia,Serie A,2020-2021
23,24,Léo Sena,"€ 8,654","€ 450,000","€ 450,000",M,24,Brazil,Spezia,Serie A,2020-2021
24,25,Paolo Bartolomei,"€ 7,115","€ 370,000","€ 370,000",M,31,Italy,Spezia,Serie A,2020-2021
25,26,Matteo Ricci,"€ 7,115","€ 370,000","€ 370,000",M,26,Italy,Spezia,Serie A,2020-2021
26,27,Giulio Maggiore,"€ 7,115","€ 370,000","€ 370,000",M,22,Italy,Spezia,Serie A,2020-2021
27,28,Salva Ferrer,"€ 6,154","€ 320,000","€ 320,000",D,22,Spain,Spezia,Serie A,2020-2021
28,29,Gennaro Acampora,"€ 5,385","€ 280,000","€ 280,000",M,26,Italy,Spezia,Serie A,2020-2021
29,30,Martin Erlic,"€ 5,385","€ 280,000","€ 280,000",D,22,Croatia,Spezia,Serie A,2020-2021
30,31,Giuseppe Mastinu,"€ 5,385","€ 280,000","€ 280,000",F,29,Italy,Spezia,Serie A,2020-2021
31,32,Julian Chabot,"€ 5,000","€ 260,000","€ 260,000",D,22,Germany,Spezia,Serie A,2020-2021
32,33,Luca Vignali,"€ 3,846","€ 200,000","€ 200,000",D,24,Italy,Spezia,Serie A,2020-2021
33,34,Emmanuel Gyasi,"€ 3,654","€ 190,000","€ 190,000",F,26,Ghana,Spezia,Serie A,2020-2021
34,35,Simone Bastoni,"€ 3,654","€ 190,000","€ 190,000",D,23,Italy,Spezia,Serie A,2020-2021
35,36,Titas Krapikas,€ 769,"€ 40,000","€ 40,000",K,21,Lithuania,Spezia,Serie A,2020-2021
0,1,Salvatore Sirigu,"€ 71,154","€ 3,700,000","€ 3,700,000",K,33,Italy,Torino,Serie A,2020-2021
1,2,Andrea Belotti,"€ 71,154","€ 3,700,000","€ 3,700,000",F,26,Italy,Torino,Serie A,2020-2021
2,3,Armando Izzo,"€ 60,577","€ 3,150,000","€ 3,150,000",D,28,Italy,Torino,Serie A,2020-2021
3,4,Simone Zaza,"€ 60,577","€ 3,150,000","€ 3,150,000",F,29,Italy,Torino,Serie A,2020-2021
4,5,Simone Verdi,"€ 60,577","€ 3,150,000","€ 3,150,000",F,28,Italy,Torino,Serie A,2020-2021
5,6,Ricardo Rodríguez,"€ 53,462","€ 2,780,000","€ 2,780,000",D,28,Switzerland,Torino,Serie A,2020-2021
6,7,Nicolas N'Koulou,"€ 53,462","€ 2,780,000","€ 2,780,000",D,30,Cameroon,Torino,Serie A,2020-2021
7,8,Antonio Sanabria,"€ 53,462","€ 2,780,000","€ 2,780,000",F,24,Paraguay,Torino,Serie A,2020-2021
8,9,Karol Linetty,"€ 49,808","€ 2,590,000","€ 2,590,000",M,25,Poland,Torino,Serie A,2020-2021
9,10,Daniele Baselli,"€ 49,808","€ 2,590,000","€ 2,590,000",M,28,Italy,Torino,Serie A,2020-2021
10,11,Tomás Rincón,"€ 49,808","€ 2,590,000","€ 2,590,000",M,32,Venezuela,Torino,Serie A,2020-2021
11,12,Soualiho Meïté,"€ 39,231","€ 2,040,000","€ 2,040,000",M,26,France,Torino,Serie A,2020-2021
12,13,Federico Bonazzoli,"€ 35,577","€ 1,850,000","€ 1,850,000",F,23,Italy,Torino,Serie A,2020-2021
13,14,Cristian Ansaldi,"€ 35,577","€ 1,850,000","€ 1,850,000",D,34,Argentina,Torino,Serie A,2020-2021
14,15,Nicola Murru,"€ 25,000","€ 1,300,000","€ 1,300,000",D,25,Italy,Torino,Serie A,2020-2021
15,16,Sasa Lukic,"€ 25,000","€ 1,300,000","€ 1,300,000",M,24,Serbia,Torino,Serie A,2020-2021
16,17,Lyanco,"€ 21,346","€ 1,110,000","€ 1,110,000",D,23,Brazil,Torino,Serie A,2020-2021
17,18,Rolando Mandragora,"€ 21,346","€ 1,110,000","€ 1,110,000",M,23,Italy,Torino,Serie A,2020-2021
18,19,Bremer,"€ 17,885","€ 930,000","€ 930,000",D,23,Brazil,Torino,Serie A,2020-2021
19,20,Amer Gojak,"€ 17,308","€ 900,000","€ 900,000",F,23,Bosnia-Herzegovina,Torino,Serie A,2020-2021
20,21,Mërgim Vojvoda,"€ 17,308","€ 900,000","€ 900,000",D,25,Kosovo,Torino,Serie A,2020-2021
21,22,Simone Edera,"€ 14,231","€ 740,000","€ 740,000",F,23,Italy,Torino,Serie A,2020-2021
22,23,Vanja Milinković-Savić,"€ 14,231","€ 740,000","€ 740,000",K,23,Serbia,Torino,Serie A,2020-2021
23,24,Jacopo Segre,"€ 7,885","€ 410,000","€ 410,000",M,23,Italy,Torino,Serie A,2020-2021
24,25,Samir Ujkani,"€ 7,308","€ 380,000","€ 380,000",K,32,Kosovo,Torino,Serie A,2020-2021
25,26,Alessandro Buongiorno,"€ 7,115","€ 370,000","€ 370,000",D,21,Italy,Torino,Serie A,2020-2021
26,27,Antonio Rosati,"€ 5,385","€ 280,000","€ 280,000",K,37,Italy,Torino,Serie A,2020-2021
27,28,Wilfried Stephane Singo,"€ 5,000","€ 260,000","€ 260,000",D,19,Cote d'Ivoire,Torino,Serie A,2020-2021
28,29,Vincenzo Millico,"€ 5,000","€ 260,000","€ 260,000",F,20,Italy,Torino,Serie A,2020-2021
29,30,Erick Ferigra,"€ 2,885","€ 150,000","€ 150,000",D,21,Ecuador,Torino,Serie A,2020-2021
30,31,Ibrahim Karamoko,"€ 1,731","€ 90,000","€ 90,000",M,19,France,Torino,Serie A,2020-2021
31,32,Michel Ndary Adopo,€ 769,"€ 40,000","€ 40,000",M,20,France,Torino,Serie A,2020-2021
0,1,Fernando Llorente,"€ 61,731","€ 3,210,000","€ 3,210,000",F,35,Spain,Udinese,Serie A,2020-2021
1,2,Rodrigo de Paul,"€ 35,577","€ 1,850,000","€ 1,850,000",F,26,Argentina,Udinese,Serie A,2020-2021
2,3,Kevin Lasagna,"€ 25,000","€ 1,300,000","€ 1,300,000",F,28,Italy,Udinese,Serie A,2020-2021
3,4,Mato Jajalo,"€ 25,000","€ 1,300,000","€ 1,300,000",M,32,Bosnia-Herzegovina,Udinese,Serie A,2020-2021
4,5,Ilija Nestorovski,"€ 25,000","€ 1,300,000","€ 1,300,000",F,30,North Macedonia,Udinese,Serie A,2020-2021
5,6,Roberto Pereyra,"€ 24,615","€ 1,280,000","€ 1,280,000",F,29,Argentina,Udinese,Serie A,2020-2021
6,7,Gerard Deulofeu,"€ 24,615","€ 1,280,000","€ 1,280,000",F,26,Spain,Udinese,Serie A,2020-2021
7,8,Rolando Mandragora,"€ 21,346","€ 1,110,000","€ 1,110,000",M,23,Italy,Udinese,Serie A,2020-2021
8,9,Bram Nuytinck,"€ 21,346","€ 1,110,000","€ 1,110,000",D,30,Netherlands,Udinese,Serie A,2020-2021
9,10,Sebastien De Maio,"€ 21,346","€ 1,110,000","€ 1,110,000",D,33,France,Udinese,Serie A,2020-2021
10,11,Juan Musso,"€ 21,346","€ 1,110,000","€ 1,110,000",K,26,Argentina,Udinese,Serie A,2020-2021
11,12,Stefano Okaka,"€ 19,808","€ 1,030,000","€ 1,030,000",F,31,Italy,Udinese,Serie A,2020-2021
12,13,Samir,"€ 17,885","€ 930,000","€ 930,000",D,25,Brazil,Udinese,Serie A,2020-2021
13,14,Jens Stryger Larsen,"€ 17,885","€ 930,000","€ 930,000",D,29,Denmark,Udinese,Serie A,2020-2021
14,15,Ignacio Pussetto,"€ 17,885","€ 930,000","€ 930,000",F,24,Argentina,Udinese,Serie A,2020-2021
15,16,Rodrigo Becão,"€ 14,808","€ 770,000","€ 770,000",D,24,Brazil,Udinese,Serie A,2020-2021
16,17,Tolgay Arslan,"€ 14,808","€ 770,000","€ 770,000",M,30,Germany,Udinese,Serie A,2020-2021
17,18,Kevin Bonifazi,"€ 14,231","€ 740,000","€ 740,000",D,24,Italy,Udinese,Serie A,2020-2021
18,19,Felipe Vizeu,"€ 12,500","€ 650,000","€ 650,000",F,23,Brazil,Udinese,Serie A,2020-2021
19,20,Walace,"€ 12,308","€ 640,000","€ 640,000",M,25,Brazil,Udinese,Serie A,2020-2021
20,21,Fernando Forestieri,"€ 12,308","€ 640,000","€ 640,000",F,30,Italy,Udinese,Serie A,2020-2021
21,22,Marvin Zeegelaar,"€ 12,308","€ 640,000","€ 640,000",D,30,Netherlands,Udinese,Serie A,2020-2021
22,23,Cristo,"€ 12,115","€ 630,000","€ 630,000",F,22,Spain,Udinese,Serie A,2020-2021
23,24,Ewandro Costa,"€ 10,769","€ 560,000","€ 560,000",F,24,Brazil,Udinese,Serie A,2020-2021
24,25,Hidde ter Avest,"€ 10,769","€ 560,000","€ 560,000",D,23,Netherlands,Udinese,Serie A,2020-2021
25,26,Thomas Ouwejan,"€ 9,808","€ 510,000","€ 510,000",D,24,Netherlands,Udinese,Serie A,2020-2021
26,27,Simone Scuffet,"€ 8,846","€ 460,000","€ 460,000",K,24,Italy,Udinese,Serie A,2020-2021
27,28,Jean-Victor Makengo,"€ 7,308","€ 380,000","€ 380,000",M,22,France,Udinese,Serie A,2020-2021
28,29,Nahuel Molina,"€ 7,308","€ 380,000","€ 380,000",D,22,Argentina,Udinese,Serie A,2020-2021
29,30,Nícolas,"€ 7,115","€ 370,000","€ 370,000",K,32,Brazil,Udinese,Serie A,2020-2021
30,31,Mamadou Coulibaly,"€ 7,115","€ 370,000","€ 370,000",M,21,Senegal,Udinese,Serie A,2020-2021
31,32,Jayden Braaf,"€ 5,000","€ 260,000","€ 260,000",F,18,Netherlands,Udinese,Serie A,2020-2021
32,33,Sebastian Prödl,"€ 5,000","€ 260,000","€ 260,000",D,33,Austria,Udinese,Serie A,2020-2021
33,34,Petar Micin,"€ 3,654","€ 190,000","€ 190,000",F,22,Serbia,Udinese,Serie A,2020-2021
34,35,Manuel Gasparini,"€ 2,500","€ 130,000","€ 130,000",K,18,Italy,Udinese,Serie A,2020-2021
35,36,Martin Palumbo,"€ 1,346","€ 70,000","€ 70,000",M,18,Norway,Udinese,Serie A,2020-2021
